NEPA_PROJECT,GEN_ACTIVITY,DATE_COMP,ACRES,SEQ_DAYS,SEQ_ACTIVITY,int
(PALS)PINE FLATS CAMPGROUND VEGETATION MANAGEMENT PLAN,INT_CUT,2014-07-15,31.0,0 days 00:00:00.000000000,INT_CUT initial,0
(PALS)PINE FLATS CAMPGROUND VEGETATION MANAGEMENT PLAN,INT_CUT,2016-06-06,31.0,692 days 00:00:00.000000000,INT_CUT to INT_CUT,692
(PALS)PINE FLATS CAMPGROUND VEGETATION MANAGEMENT PLAN,INT_CUT,2019-04-29,39.0,1057 days 00:00:00.000000000,INT_CUT to INT_CUT,1057
(PALS)SOUTH PIONEER FIRE SALVAGE AND REFORESTATION PROJECT,EA-RH-FH,2017-09-28,276.0,0 days 00:00:00.000000000,EA-RH-FH initial,0
(PALS)SOUTH PIONEER FIRE SALVAGE AND REFORESTATION PROJECT,EA-RH-FH,2017-09-29,286.0,1 days 00:00:00.000000000,EA-RH-FH to EA-RH-FH,1
(PALS)SOUTH PIONEER FIRE SALVAGE AND REFORESTATION PROJECT,EA-RH-FH,2018-06-01,1796.0,245 days 00:00:00.000000000,EA-RH-FH to EA-RH-FH,245
(PALS)SOUTH PIONEER FIRE SALVAGE AND REFORESTATION PROJECT,EA-RH-FH,2018-09-20,2702.3,111 days 00:00:00.000000000,EA-RH-FH to EA-RH-FH,111
(PALS)FINAL RECORD OF DECISION UPPER NORTH FORK HFRA ECOSYSTEM RESTORATION,INT_CUT,2015-09-29,9.0,0 days 00:00:00.000000000,INT_CUT initial,0
(PALS)FINAL RECORD OF DECISION UPPER NORTH FORK HFRA ECOSYSTEM RESTORATION,INT_CUT,2018-07-17,24.0,1022 days 00:00:00.000000000,INT_CUT to INT_CUT,1022
(PALS)FINAL RECORD OF DECISION UPPER NORTH FORK HFRA ECOSYSTEM RESTORATION,INT_CUT,2018-07-20,353.0,3 days 00:00:00.000000000,INT_CUT to INT_CUT,3
(PALS)FINAL RECORD OF DECISION UPPER NORTH FORK HFRA ECOSYSTEM RESTORATION,INT_CUT,2018-09-23,25.3,65 days 00:00:00.000000000,INT_CUT to INT_CUT,65
(PALS)FINAL RECORD OF DECISION UPPER NORTH FORK HFRA ECOSYSTEM RESTORATION,INT_CUT,2018-09-26,19.9,3 days 00:00:00.000000000,INT_CUT to INT_CUT,3
(PALS)FINAL RECORD OF DECISION UPPER NORTH FORK HFRA ECOSYSTEM RESTORATION,INT_CUT,2020-09-01,95.0,706 days 00:00:00.000000000,INT_CUT to INT_CUT,706
(PALS)FINAL RECORD OF DECISION UPPER NORTH FORK HFRA ECOSYSTEM RESTORATION,INT_CUT,2020-09-09,235.0,8 days 00:00:00.000000000,INT_CUT to INT_CUT,8
(PALS)FINAL RECORD OF DECISION UPPER NORTH FORK HFRA ECOSYSTEM RESTORATION,UA-RH-FH,2020-09-09,13.0,0 days 00:00:00.000000000,UA-RH-FH and INT_CUT same day,0
(PALS)HIGH VALLEY INTEGRATED RESTORATION PROJECT,INT_CUT,2019-10-18,197.6,0 days 00:00:00.000000000,INT_CUT initial,0
(PALS)HIGH VALLEY INTEGRATED RESTORATION PROJECT,UA-RH-FH,2019-10-18,197.6,0 days 00:00:00.000000000,UA-RH-FH and INT_CUT same day,0
(PALS)HIGH VALLEY INTEGRATED RESTORATION PROJECT,INT_CUT,2020-01-08,113.0,82 days 00:00:00.000000000,UA-RH-FH to INT_CUT,82
(PALS)HIGH VALLEY INTEGRATED RESTORATION PROJECT,UA-RH-FH,2020-01-08,113.0,0 days 00:00:00.000000000,UA-RH-FH and INT_CUT same day,0
(PALS)LAKE CREEK ASPEN RESTORATION,EA-RH-FH,2010-10-30,32.0,0 days 00:00:00.000000000,EA-RH-FH initial,0
(PALS)LAKE CREEK ASPEN RESTORATION,INT_CUT,2010-10-30,32.0,0 days 00:00:00.000000000,INT_CUT and EA-RH-FH same day,0
(PALS)HOWELL CANYON HAZARDOUS FUELS REDUCTION PROJECT,EA-RH-FH,2013-08-30,40.0,0 days 00:00:00.000000000,EA-RH-FH initial,0
(PALS)HOWELL CANYON HAZARDOUS FUELS REDUCTION PROJECT,INT_CUT,2013-08-30,12.0,0 days 00:00:00.000000000,INT_CUT and EA-RH-FH same day,0
(PALS)HOWELL CANYON HAZARDOUS FUELS REDUCTION PROJECT,INT_CUT,2013-11-12,24.0,74 days 00:00:00.000000000,INT_CUT to INT_CUT,74
(PALS)HOWELL CANYON HAZARDOUS FUELS REDUCTION PROJECT,INT_CUT,2016-12-15,12.0,1129 days 00:00:00.000000000,INT_CUT to INT_CUT,1129
(PALS)HOWELL CANYON HAZARDOUS FUELS REDUCTION PROJECT,INT_CUT,2016-12-31,162.0,16 days 00:00:00.000000000,INT_CUT to INT_CUT,16
NEPA Pending,INT_CUT,2013-08-30,20.5,0 days 00:00:00.000000000,INT_CUT initial,0
NEPA Pending,INT_CUT,2013-09-30,15.0,31 days 00:00:00.000000000,INT_CUT to INT_CUT,31
NEPA Pending,INT_CUT,2013-10-30,122.5,30 days 00:00:00.000000000,INT_CUT to INT_CUT,30
NEPA Pending,INT_CUT,2013-11-30,9.0,31 days 00:00:00.000000000,INT_CUT to INT_CUT,31
NEPA Pending,INT_CUT,2014-09-30,2.5,304 days 00:00:00.000000000,INT_CUT to INT_CUT,304
NEPA Pending,INT_CUT,2014-10-15,18.0,15 days 00:00:00.000000000,INT_CUT to INT_CUT,15
NEPA Pending,INT_CUT,2014-11-01,20.0,17 days 00:00:00.000000000,INT_CUT to INT_CUT,17
TOBIAS FIRE MORTALITY SALE,INT_CUT,2007-09-25,192.0,0 days 00:00:00.000000000,INT_CUT initial,0
(PALS)NORTH FORK PIONEER FIRE SALVAGE AND REFORESTATION PROJECT,EA-RH-FH,2018-06-01,466.0,0 days 00:00:00.000000000,EA-RH-FH initial,0
(PALS)NORTH FORK PIONEER FIRE SALVAGE AND REFORESTATION PROJECT,EA-RH-FH,2018-09-20,1808.0,111 days 00:00:00.000000000,EA-RH-FH to EA-RH-FH,111
(PALS)NORTH FORK PIONEER FIRE SALVAGE AND REFORESTATION PROJECT,EA-RH-FH,2018-11-13,37.0,54 days 00:00:00.000000000,EA-RH-FH to EA-RH-FH,54
(PALS)SCRIVER CREEK INTEGRATED RESTORATION PROJECT,INT_CUT,2014-11-17,226.0,0 days 00:00:00.000000000,INT_CUT initial,0
(PALS)SCRIVER CREEK INTEGRATED RESTORATION PROJECT,INT_CUT,2015-05-01,23.0,165 days 00:00:00.000000000,INT_CUT to INT_CUT,165
(PALS)SCRIVER CREEK INTEGRATED RESTORATION PROJECT,INT_CUT,2015-08-03,351.0,94 days 00:00:00.000000000,INT_CUT to INT_CUT,94
(PALS)SCRIVER CREEK INTEGRATED RESTORATION PROJECT,INT_CUT,2015-09-11,97.0,39 days 00:00:00.000000000,INT_CUT to INT_CUT,39
(PALS)SCRIVER CREEK INTEGRATED RESTORATION PROJECT,INT_CUT,2015-09-28,179.0,17 days 00:00:00.000000000,INT_CUT to INT_CUT,17
(PALS)SCRIVER CREEK INTEGRATED RESTORATION PROJECT,INT_CUT,2016-09-01,66.0,339 days 00:00:00.000000000,INT_CUT to INT_CUT,339
(PALS)SCRIVER CREEK INTEGRATED RESTORATION PROJECT,INT_CUT,2016-09-14,9.0,13 days 00:00:00.000000000,INT_CUT to INT_CUT,13
(PALS)SCRIVER CREEK INTEGRATED RESTORATION PROJECT,INT_CUT,2016-09-21,1203.0,7 days 00:00:00.000000000,INT_CUT to INT_CUT,7
(PALS)SCRIVER CREEK INTEGRATED RESTORATION PROJECT,INT_CUT,2019-12-10,121.0,1175 days 00:00:00.000000000,INT_CUT to INT_CUT,1175
CE without DM,INT_CUT,2014-08-28,93.0,0 days 00:00:00.000000000,INT_CUT initial,0
CE without DM,INT_CUT,2015-09-30,108.0,398 days 00:00:00.000000000,INT_CUT to INT_CUT,398
CE without DM,INT_CUT,2017-03-15,62.0,532 days 00:00:00.000000000,INT_CUT to INT_CUT,532
CE without DM,EA-RH-FH,2017-08-01,404.0,139 days 00:00:00.000000000,INT_CUT to EA-RH-FH,139
(PALS)DECISION_NOTICE-SUBLETT FUELS AND VEGETATION PROJECT-30_SEPTEMBER_2011,INT_CUT,2016-07-06,30.0,0 days 00:00:00.000000000,INT_CUT initial,0
(PALS)DECISION_NOTICE-SUBLETT FUELS AND VEGETATION PROJECT-30_SEPTEMBER_2011,INT_CUT,2016-07-22,20.0,16 days 00:00:00.000000000,INT_CUT to INT_CUT,16
(PALS)DECISION_NOTICE-SUBLETT FUELS AND VEGETATION PROJECT-30_SEPTEMBER_2011,INT_CUT,2016-10-21,15.0,91 days 00:00:00.000000000,INT_CUT to INT_CUT,91
(PALS)DECISION_NOTICE-SUBLETT FUELS AND VEGETATION PROJECT-30_SEPTEMBER_2011,INT_CUT,2016-11-17,11.0,27 days 00:00:00.000000000,INT_CUT to INT_CUT,27
(PALS)DECISION_NOTICE-SUBLETT FUELS AND VEGETATION PROJECT-30_SEPTEMBER_2011,INT_CUT,2018-06-18,15.0,578 days 00:00:00.000000000,INT_CUT to INT_CUT,578
(PALS)DECISION_NOTICE-SUBLETT FUELS AND VEGETATION PROJECT-30_SEPTEMBER_2011,INT_CUT,2018-10-13,18.0,117 days 00:00:00.000000000,INT_CUT to INT_CUT,117
(PALS)DECISION_NOTICE-SUBLETT FUELS AND VEGETATION PROJECT-30_SEPTEMBER_2011,INT_CUT,2018-11-26,103.0,44 days 00:00:00.000000000,INT_CUT to INT_CUT,44
(PALS)DECISION_NOTICE-SUBLETT FUELS AND VEGETATION PROJECT-30_SEPTEMBER_2011,INT_CUT,2019-10-30,27.0,338 days 00:00:00.000000000,INT_CUT to INT_CUT,338
(PALS)ROCK CREEK RESOURCE MANAGEMENT PROJECT,INT_CUT,2012-11-07,64.0,0 days 00:00:00.000000000,INT_CUT initial,0
(PALS)ROCK CREEK RESOURCE MANAGEMENT PROJECT,INT_CUT,2013-08-15,201.0,281 days 00:00:00.000000000,INT_CUT to INT_CUT,281
(PALS)TRINITY RIDGE FIRE ROADSIDE SALVAGE PROJECT DECISION MEMO,INT_CUT,2013-08-16,28.0,0 days 00:00:00.000000000,INT_CUT initial,0
(PALS)TRINITY RIDGE FIRE ROADSIDE SALVAGE PROJECT DECISION MEMO,INT_CUT,2013-09-04,9.0,19 days 00:00:00.000000000,INT_CUT to INT_CUT,19
(PALS)TRINITY RIDGE FIRE ROADSIDE SALVAGE PROJECT DECISION MEMO,INT_CUT,2013-09-16,9.0,12 days 00:00:00.000000000,INT_CUT to INT_CUT,12
(PALS)TRINITY RIDGE FIRE ROADSIDE SALVAGE PROJECT DECISION MEMO,INT_CUT,2013-09-23,13.0,7 days 00:00:00.000000000,INT_CUT to INT_CUT,7
(PALS)TRINITY RIDGE FIRE ROADSIDE SALVAGE PROJECT DECISION MEMO,INT_CUT,2015-11-01,104.0,769 days 00:00:00.000000000,INT_CUT to INT_CUT,769
(PALS)HALL FIRE TIMBER SALVAGE,EA-RH-FH,2003-12-30,24.0,0 days 00:00:00.000000000,EA-RH-FH initial,0
(PALS)HALL FIRE TIMBER SALVAGE,EA-RH-FH,2004-02-01,120.0,33 days 00:00:00.000000000,EA-RH-FH to EA-RH-FH,33
(PALS)HALL FIRE TIMBER SALVAGE,EA-RH-FH,2004-04-01,24.0,60 days 00:00:00.000000000,EA-RH-FH to EA-RH-FH,60
(PALS)HALL FIRE TIMBER SALVAGE,EA-RH-FH,2004-05-30,19.0,59 days 00:00:00.000000000,EA-RH-FH to EA-RH-FH,59
DEFAULT FOR NOT REQUIRED,EA-RH-FH,2000-04-02,25.0,0 days 00:00:00.000000000,EA-RH-FH initial,0
DEFAULT FOR NOT REQUIRED,EA-RH-FH,2000-05-05,106.0,33 days 00:00:00.000000000,EA-RH-FH to EA-RH-FH,33
DEFAULT FOR NOT REQUIRED,EA-RH-FH,2000-05-09,49.0,4 days 00:00:00.000000000,EA-RH-FH to EA-RH-FH,4
DEFAULT FOR NOT REQUIRED,EA-RH-FH,2000-08-01,27.0,84 days 00:00:00.000000000,EA-RH-FH to EA-RH-FH,84
DEFAULT FOR NOT REQUIRED,EA-RH-NFH,2000-08-01,63.0,0 days 00:00:00.000000000,EA-RH-NFH and EA-RH-FH same day,0
DEFAULT FOR NOT REQUIRED,INT_CUT,2000-08-01,64.0,0 days 00:00:00.000000000,INT_CUT and EA-RH-NFH same day,0
DEFAULT FOR NOT REQUIRED,EA-RH-FH,2000-09-01,46.0,31 days 00:00:00.000000000,INT_CUT to EA-RH-FH,31
DEFAULT FOR NOT REQUIRED,INT_CUT,2000-09-01,113.0,0 days 00:00:00.000000000,INT_CUT and EA-RH-FH same day,0
DEFAULT FOR NOT REQUIRED,INT_CUT,2000-09-15,54.0,14 days 00:00:00.000000000,INT_CUT to INT_CUT,14
DEFAULT FOR NOT REQUIRED,EA-RH-FH,2000-09-25,30.0,10 days 00:00:00.000000000,INT_CUT to EA-RH-FH,10
DEFAULT FOR NOT REQUIRED,EA-RH-NFH,2000-09-25,18.0,0 days 00:00:00.000000000,EA-RH-NFH and EA-RH-FH same day,0
DEFAULT FOR NOT REQUIRED,INT_CUT,2000-09-30,16.0,5 days 00:00:00.000000000,EA-RH-NFH to INT_CUT,5
DEFAULT FOR NOT REQUIRED,EA-RH-FH,2000-09-30,96.0,0 days 00:00:00.000000000,EA-RH-FH and INT_CUT same day,0
DEFAULT FOR NOT REQUIRED,EA-RH-FH,2000-10-01,18.0,1 days 00:00:00.000000000,EA-RH-FH to EA-RH-FH,1
DEFAULT FOR NOT REQUIRED,INT_CUT,2000-10-30,32.0,29 days 00:00:00.000000000,EA-RH-FH to INT_CUT,29
DEFAULT FOR NOT REQUIRED,EA-RH-NFH,2000-10-30,97.0,0 days 00:00:00.000000000,EA-RH-NFH and INT_CUT same day,0
DEFAULT FOR NOT REQUIRED,UA-RH-FH,2000-11-01,46.0,2 days 00:00:00.000000000,EA-RH-NFH to UA-RH-FH,2
DEFAULT FOR NOT REQUIRED,EA-RH-FH,2000-11-01,47.0,0 days 00:00:00.000000000,EA-RH-FH and UA-RH-FH same day,0
DEFAULT FOR NOT REQUIRED,INT_CUT,2000-11-30,13.0,29 days 00:00:00.000000000,EA-RH-FH to INT_CUT,29
DEFAULT FOR NOT REQUIRED,EA-RH-NFH,2000-11-30,17.0,0 days 00:00:00.000000000,EA-RH-NFH and INT_CUT same day,0
DEFAULT FOR NOT REQUIRED,UA-RH-FH,2000-12-01,78.0,1 days 00:00:00.000000000,EA-RH-NFH to UA-RH-FH,1
DEFAULT FOR NOT REQUIRED,EA-RH-NFH,2000-12-01,33.0,0 days 00:00:00.000000000,EA-RH-NFH and UA-RH-FH same day,0
DEFAULT FOR NOT REQUIRED,EA-RH-FH,2000-12-01,90.0,0 days 00:00:00.000000000,EA-RH-FH and EA-RH-NFH same day,0
DEFAULT FOR NOT REQUIRED,INT_CUT,2000-12-15,30.0,14 days 00:00:00.000000000,EA-RH-FH to INT_CUT,14
DEFAULT FOR NOT REQUIRED,EA-RH-FH,2001-01-01,13.0,17 days 00:00:00.000000000,INT_CUT to EA-RH-FH,17
DEFAULT FOR NOT REQUIRED,UA-RH-FH,2001-01-01,46.0,0 days 00:00:00.000000000,UA-RH-FH and EA-RH-FH same day,0
DEFAULT FOR NOT REQUIRED,INT_CUT,2001-04-04,135.4,93 days 00:00:00.000000000,UA-RH-FH to INT_CUT,93
DEFAULT FOR NOT REQUIRED,INT_CUT,2001-06-06,70.0,63 days 00:00:00.000000000,INT_CUT to INT_CUT,63
DEFAULT FOR NOT REQUIRED,INT_CUT,2001-06-15,169.0,9 days 00:00:00.000000000,INT_CUT to INT_CUT,9
DEFAULT FOR NOT REQUIRED,EA-RH-FH,2001-07-01,16.0,16 days 00:00:00.000000000,INT_CUT to EA-RH-FH,16
DEFAULT FOR NOT REQUIRED,UA-RH-FH,2001-11-01,24.0,123 days 00:00:00.000000000,EA-RH-FH to UA-RH-FH,123
DEFAULT FOR NOT REQUIRED,EA-RH-FH,2001-11-15,44.0,14 days 00:00:00.000000000,UA-RH-FH to EA-RH-FH,14
DEFAULT FOR NOT REQUIRED,EA-RH-NFH,2001-11-15,4.0,0 days 00:00:00.000000000,EA-RH-NFH and EA-RH-FH same day,0
DEFAULT FOR NOT REQUIRED,UA-RH-FH,2001-11-15,48.0,0 days 00:00:00.000000000,UA-RH-FH and EA-RH-NFH same day,0
DEFAULT FOR NOT REQUIRED,EA-RH-FH,2002-06-01,8.0,198 days 00:00:00.000000000,UA-RH-FH to EA-RH-FH,198
DEFAULT FOR NOT REQUIRED,EA-RH-FH,2002-06-10,5.0,9 days 00:00:00.000000000,EA-RH-FH to EA-RH-FH,9
DEFAULT FOR NOT REQUIRED,INT_CUT,2002-07-01,6.0,21 days 00:00:00.000000000,EA-RH-FH to INT_CUT,21
DEFAULT FOR NOT REQUIRED,EA-RH-NFH,2002-07-15,18.0,14 days 00:00:00.000000000,INT_CUT to EA-RH-NFH,14
DEFAULT FOR NOT REQUIRED,INT_CUT,2002-08-09,36.0,25 days 00:00:00.000000000,EA-RH-NFH to INT_CUT,25
DEFAULT FOR NOT REQUIRED,EA-RH-NFH,2002-08-09,10.0,0 days 00:00:00.000000000,EA-RH-NFH and INT_CUT same day,0
DEFAULT FOR NOT REQUIRED,INT_CUT,2002-09-10,914.7,32 days 00:00:00.000000000,EA-RH-NFH to INT_CUT,32
DEFAULT FOR NOT REQUIRED,EA-RH-FH,2002-09-10,275.8,0 days 00:00:00.000000000,EA-RH-FH and INT_CUT same day,0
DEFAULT FOR NOT REQUIRED,EA-RH-NFH,2002-09-15,26.0,5 days 00:00:00.000000000,EA-RH-FH to EA-RH-NFH,5
DEFAULT FOR NOT REQUIRED,UA-RH-FH,2002-09-15,20.0,0 days 00:00:00.000000000,UA-RH-FH and EA-RH-NFH same day,0
DEFAULT FOR NOT REQUIRED,A2-NRH-FH,2002-09-15,38.0,0 days 00:00:00.000000000,A2-NRH-FH and UA-RH-FH same day,0
DEFAULT FOR NOT REQUIRED,EA-RH-FH,2002-09-15,134.0,0 days 00:00:00.000000000,EA-RH-FH and A2-NRH-FH same day,0
DEFAULT FOR NOT REQUIRED,EA-RH-FH,2002-10-01,4.0,16 days 00:00:00.000000000,EA-RH-FH to EA-RH-FH,16
DEFAULT FOR NOT REQUIRED,INT_CUT,2002-10-10,38.0,9 days 00:00:00.000000000,EA-RH-FH to INT_CUT,9
DEFAULT FOR NOT REQUIRED,EA-RH-FH,2002-10-10,17.0,0 days 00:00:00.000000000,EA-RH-FH and INT_CUT same day,0
DEFAULT FOR NOT REQUIRED,EA-RH-FH,2002-10-15,33.0,5 days 00:00:00.000000000,EA-RH-FH to EA-RH-FH,5
DEFAULT FOR NOT REQUIRED,INT_CUT,2002-10-30,8.0,15 days 00:00:00.000000000,EA-RH-FH to INT_CUT,15
DEFAULT FOR NOT REQUIRED,EA-RH-FH,2002-10-30,14.0,0 days 00:00:00.000000000,EA-RH-FH and INT_CUT same day,0
DEFAULT FOR NOT REQUIRED,EA-RH-NFH,2002-11-01,17.0,2 days 00:00:00.000000000,EA-RH-FH to EA-RH-NFH,2
DEFAULT FOR NOT REQUIRED,EA-RH-FH,2002-11-30,23.0,29 days 00:00:00.000000000,EA-RH-NFH to EA-RH-FH,29
DEFAULT FOR NOT REQUIRED,EA-RH-NFH,2002-11-30,41.0,0 days 00:00:00.000000000,EA-RH-NFH and EA-RH-FH same day,0
DEFAULT FOR NOT REQUIRED,INT_CUT,2003-07-01,58.0,213 days 00:00:00.000000000,EA-RH-NFH to INT_CUT,213
DEFAULT FOR NOT REQUIRED,EA-RH-FH,2003-07-01,53.0,0 days 00:00:00.000000000,EA-RH-FH and INT_CUT same day,0
DEFAULT FOR NOT REQUIRED,EA-RH-NFH,2003-07-01,89.0,0 days 00:00:00.000000000,EA-RH-NFH and EA-RH-FH same day,0
DEFAULT FOR NOT REQUIRED,EA-RH-FH,2003-09-01,10.0,62 days 00:00:00.000000000,EA-RH-NFH to EA-RH-FH,62
DEFAULT FOR NOT REQUIRED,EA-RH-NFH,2003-09-09,16.0,8 days 00:00:00.000000000,EA-RH-FH to EA-RH-NFH,8
DEFAULT FOR NOT REQUIRED,UA-RH-FH,2003-09-15,7.0,6 days 00:00:00.000000000,EA-RH-NFH to UA-RH-FH,6
DEFAULT FOR NOT REQUIRED,INT_CUT,2003-09-30,149.0,15 days 00:00:00.000000000,UA-RH-FH to INT_CUT,15
DEFAULT FOR NOT REQUIRED,EA-RH-FH,2003-09-30,51.0,0 days 00:00:00.000000000,EA-RH-FH and INT_CUT same day,0
DEFAULT FOR NOT REQUIRED,INT_CUT,2003-12-01,2.0,62 days 00:00:00.000000000,EA-RH-FH to INT_CUT,62
DEFAULT FOR NOT REQUIRED,EA-RH-FH,2004-01-01,31.0,31 days 00:00:00.000000000,INT_CUT to EA-RH-FH,31
DEFAULT FOR NOT REQUIRED,INT_CUT,2004-02-01,11.0,31 days 00:00:00.000000000,EA-RH-FH to INT_CUT,31
DEFAULT FOR NOT REQUIRED,EA-RH-FH,2004-02-01,8.0,0 days 00:00:00.000000000,EA-RH-FH and INT_CUT same day,0
DEFAULT FOR NOT REQUIRED,EA-RH-FH,2004-02-15,5.0,14 days 00:00:00.000000000,EA-RH-FH to EA-RH-FH,14
DEFAULT FOR NOT REQUIRED,EA-RH-NFH,2004-06-01,20.0,107 days 00:00:00.000000000,EA-RH-FH to EA-RH-NFH,107
DEFAULT FOR NOT REQUIRED,EA-RH-FH,2004-06-15,3.0,14 days 00:00:00.000000000,EA-RH-NFH to EA-RH-FH,14
DEFAULT FOR NOT REQUIRED,EA-RH-NFH,2004-06-15,39.0,0 days 00:00:00.000000000,EA-RH-NFH and EA-RH-FH same day,0
DEFAULT FOR NOT REQUIRED,INT_CUT,2004-06-15,258.0,0 days 00:00:00.000000000,INT_CUT and EA-RH-NFH same day,0
DEFAULT FOR NOT REQUIRED,EA-RH-FH,2004-07-01,47.0,16 days 00:00:00.000000000,INT_CUT to EA-RH-FH,16
DEFAULT FOR NOT REQUIRED,EA-RH-FH,2004-08-01,126.0,31 days 00:00:00.000000000,EA-RH-FH to EA-RH-FH,31
DEFAULT FOR NOT REQUIRED,INT_CUT,2004-08-01,2.0,0 days 00:00:00.000000000,INT_CUT and EA-RH-FH same day,0
DEFAULT FOR NOT REQUIRED,INT_CUT,2004-09-14,73.0,44 days 00:00:00.000000000,INT_CUT to INT_CUT,44
DEFAULT FOR NOT REQUIRED,UA-RH-FH,2004-09-15,9.0,1 days 00:00:00.000000000,INT_CUT to UA-RH-FH,1
DEFAULT FOR NOT REQUIRED,INT_CUT,2004-09-15,48.0,0 days 00:00:00.000000000,INT_CUT and UA-RH-FH same day,0
DEFAULT FOR NOT REQUIRED,UA-RH-FH,2004-09-20,139.0,5 days 00:00:00.000000000,INT_CUT to UA-RH-FH,5
DEFAULT FOR NOT REQUIRED,INT_CUT,2004-09-28,2.0,8 days 00:00:00.000000000,UA-RH-FH to INT_CUT,8
DEFAULT FOR NOT REQUIRED,EA-RH-FH,2004-09-30,12.0,2 days 00:00:00.000000000,INT_CUT to EA-RH-FH,2
DEFAULT FOR NOT REQUIRED,INT_CUT,2004-09-30,43.0,0 days 00:00:00.000000000,INT_CUT and EA-RH-FH same day,0
DEFAULT FOR NOT REQUIRED,INT_CUT,2004-10-15,10.0,15 days 00:00:00.000000000,INT_CUT to INT_CUT,15
DEFAULT FOR NOT REQUIRED,INT_CUT,2004-10-20,25.0,5 days 00:00:00.000000000,INT_CUT to INT_CUT,5
DEFAULT FOR NOT REQUIRED,INT_CUT,2004-10-25,5.0,5 days 00:00:00.000000000,INT_CUT to INT_CUT,5
DEFAULT FOR NOT REQUIRED,INT_CUT,2004-12-05,69.0,41 days 00:00:00.000000000,INT_CUT to INT_CUT,41
DEFAULT FOR NOT REQUIRED,INT_CUT,2005-01-15,35.0,41 days 00:00:00.000000000,INT_CUT to INT_CUT,41
DEFAULT FOR NOT REQUIRED,INT_CUT,2005-02-15,34.0,31 days 00:00:00.000000000,INT_CUT to INT_CUT,31
DEFAULT FOR NOT REQUIRED,INT_CUT,2005-05-01,13.0,75 days 00:00:00.000000000,INT_CUT to INT_CUT,75
DEFAULT FOR NOT REQUIRED,INT_CUT,2005-06-01,69.0,31 days 00:00:00.000000000,INT_CUT to INT_CUT,31
DEFAULT FOR NOT REQUIRED,INT_CUT,2005-06-04,20.0,3 days 00:00:00.000000000,INT_CUT to INT_CUT,3
DEFAULT FOR NOT REQUIRED,INT_CUT,2005-06-20,7.0,16 days 00:00:00.000000000,INT_CUT to INT_CUT,16
DEFAULT FOR NOT REQUIRED,INT_CUT,2005-07-01,37.0,11 days 00:00:00.000000000,INT_CUT to INT_CUT,11
DEFAULT FOR NOT REQUIRED,EA-RH-FH,2006-08-31,11.0,426 days 00:00:00.000000000,INT_CUT to EA-RH-FH,426
DEFAULT FOR NOT REQUIRED,UA-RH-FH,2006-09-30,19.0,30 days 00:00:00.000000000,EA-RH-FH to UA-RH-FH,30
DEFAULT FOR NOT REQUIRED,EA-RH-FH,2006-09-30,4.0,0 days 00:00:00.000000000,EA-RH-FH and UA-RH-FH same day,0
DEFAULT FOR NOT REQUIRED,EA-RH-NFH,2006-09-30,85.0,0 days 00:00:00.000000000,EA-RH-NFH and EA-RH-FH same day,0
DEFAULT FOR NOT REQUIRED,EA-RH-FH,2007-09-30,1.0,365 days 00:00:00.000000000,EA-RH-NFH to EA-RH-FH,365
DEFAULT FOR NOT REQUIRED,EA-NRH-NFH,2007-12-15,13.0,76 days 00:00:00.000000000,EA-RH-FH to EA-NRH-NFH,76
DEFAULT FOR NOT REQUIRED,EA-RH-FH,2008-09-30,16.0,290 days 00:00:00.000000000,EA-NRH-NFH to EA-RH-FH,290
DEFAULT FOR NOT REQUIRED,EA-RH-NFH,2008-09-30,10.0,0 days 00:00:00.000000000,EA-RH-NFH and EA-RH-FH same day,0
DEFAULT FOR NOT REQUIRED,INT_CUT,2009-06-10,5.0,253 days 00:00:00.000000000,EA-RH-NFH to INT_CUT,253
DEFAULT FOR NOT REQUIRED,INT_CUT,2009-08-20,20.0,71 days 00:00:00.000000000,INT_CUT to INT_CUT,71
DEFAULT FOR NOT REQUIRED,EA-RH-NFH,2010-03-01,30.0,193 days 00:00:00.000000000,INT_CUT to EA-RH-NFH,193
DEFAULT FOR NOT REQUIRED,EA-RH-NFH,2010-09-30,14.0,213 days 00:00:00.000000000,EA-RH-NFH to EA-RH-NFH,213
DEFAULT FOR NOT REQUIRED,EA-RH-FH,2010-09-30,77.0,0 days 00:00:00.000000000,EA-RH-FH and EA-RH-NFH same day,0
DEFAULT FOR NOT REQUIRED,INT_CUT,2011-09-30,53.0,365 days 00:00:00.000000000,EA-RH-FH to INT_CUT,365
DEFAULT FOR NOT REQUIRED,INT_CUT,2012-07-31,6.0,305 days 00:00:00.000000000,INT_CUT to INT_CUT,305
DEFAULT FOR NOT REQUIRED,INT_CUT,2012-08-10,16.0,10 days 00:00:00.000000000,INT_CUT to INT_CUT,10
DEFAULT FOR NOT REQUIRED,INT_CUT,2012-08-15,45.0,5 days 00:00:00.000000000,INT_CUT to INT_CUT,5
DEFAULT FOR NOT REQUIRED,INT_CUT,2012-08-30,10.0,15 days 00:00:00.000000000,INT_CUT to INT_CUT,15
DEFAULT FOR NOT REQUIRED,INT_CUT,2012-09-30,2581.0,31 days 00:00:00.000000000,INT_CUT to INT_CUT,31
DEFAULT FOR NOT REQUIRED,INT_CUT,2012-10-01,2558.0,1 days 00:00:00.000000000,INT_CUT to INT_CUT,1
DEFAULT FOR NOT REQUIRED,INT_CUT,2013-09-23,2423.0,357 days 00:00:00.000000000,INT_CUT to INT_CUT,357
DEFAULT FOR NOT REQUIRED,INT_CUT,2013-09-24,303.0,1 days 00:00:00.000000000,INT_CUT to INT_CUT,1
DEFAULT FOR NOT REQUIRED,INT_CUT,2013-09-27,2.0,3 days 00:00:00.000000000,INT_CUT to INT_CUT,3
DEFAULT FOR NOT REQUIRED,INT_CUT,2013-11-05,3.0,39 days 00:00:00.000000000,INT_CUT to INT_CUT,39
DEFAULT FOR NOT REQUIRED,INT_CUT,2014-09-30,2759.3,329 days 00:00:00.000000000,INT_CUT to INT_CUT,329
DEFAULT FOR NOT REQUIRED,INT_CUT,2015-09-01,36.0,336 days 00:00:00.000000000,INT_CUT to INT_CUT,336
DEFAULT FOR NOT REQUIRED,INT_CUT,2015-09-15,2.0,14 days 00:00:00.000000000,INT_CUT to INT_CUT,14
DEFAULT FOR NOT REQUIRED,INT_CUT,2015-09-30,29.0,15 days 00:00:00.000000000,INT_CUT to INT_CUT,15
DEFAULT FOR NOT REQUIRED,INT_CUT,2016-09-10,4.0,346 days 00:00:00.000000000,INT_CUT to INT_CUT,346
DEFAULT FOR NOT REQUIRED,INT_CUT,2016-09-28,4.2,18 days 00:00:00.000000000,INT_CUT to INT_CUT,18
DEFAULT FOR NOT REQUIRED,INT_CUT,2017-10-10,9.0,377 days 00:00:00.000000000,INT_CUT to INT_CUT,377
DEFAULT FOR NOT REQUIRED,INT_CUT,2017-10-17,9.0,7 days 00:00:00.000000000,INT_CUT to INT_CUT,7
DEFAULT FOR NOT REQUIRED,INT_CUT,2018-09-26,48.9,344 days 00:00:00.000000000,INT_CUT to INT_CUT,344
(PALS)KENNEY RIDGE TIMBER SALE,EA-RH-FH,2011-11-02,18.0,0 days 00:00:00.000000000,EA-RH-FH initial,0
(PALS)KENNEY RIDGE TIMBER SALE,EA-RH-FH,2013-07-31,40.0,637 days 00:00:00.000000000,EA-RH-FH to EA-RH-FH,637
(PALS)KENNEY RIDGE TIMBER SALE,EA-RH-FH,2013-08-15,19.0,15 days 00:00:00.000000000,EA-RH-FH to EA-RH-FH,15
(PALS)KENNEY RIDGE TIMBER SALE,EA-RH-FH,2018-08-02,23.0,1813 days 00:00:00.000000000,EA-RH-FH to EA-RH-FH,1813
(PALS)KENNEY RIDGE TIMBER SALE,EA-RH-FH,2020-09-09,37.0,769 days 00:00:00.000000000,EA-RH-FH to EA-RH-FH,769
(PALS)KENNEY RIDGE TIMBER SALE,EA-RH-FH,2020-09-15,13.0,6 days 00:00:00.000000000,EA-RH-FH to EA-RH-FH,6
HAYNES CREEK POST AND POLE TIMBER SALE,EA-RH-FH,2020-09-09,11.0,0 days 00:00:00.000000000,EA-RH-FH initial,0
(PALS)MEADOWS SLOPE WILDLAND FIRE PROTECTION PROJECT RECORD OF DECISION,INT_CUT,2010-08-15,30.0,0 days 00:00:00.000000000,INT_CUT initial,0
(PALS)MEADOWS SLOPE WILDLAND FIRE PROTECTION PROJECT RECORD OF DECISION,INT_CUT,2012-07-01,12.0,686 days 00:00:00.000000000,INT_CUT to INT_CUT,686
(PALS)MEADOWS SLOPE WILDLAND FIRE PROTECTION PROJECT RECORD OF DECISION,INT_CUT,2012-08-31,123.0,61 days 00:00:00.000000000,INT_CUT to INT_CUT,61
(PALS)MEADOWS SLOPE WILDLAND FIRE PROTECTION PROJECT RECORD OF DECISION,EA-RH-FH,2012-09-25,21.0,25 days 00:00:00.000000000,INT_CUT to EA-RH-FH,25
(PALS)MEADOWS SLOPE WILDLAND FIRE PROTECTION PROJECT RECORD OF DECISION,INT_CUT,2012-09-25,594.0,0 days 00:00:00.000000000,INT_CUT and EA-RH-FH same day,0
(PALS)MEADOWS SLOPE WILDLAND FIRE PROTECTION PROJECT RECORD OF DECISION,INT_CUT,2012-10-15,137.0,20 days 00:00:00.000000000,INT_CUT to INT_CUT,20
(PALS)MEADOWS SLOPE WILDLAND FIRE PROTECTION PROJECT RECORD OF DECISION,EA-RH-FH,2012-10-31,5.0,16 days 00:00:00.000000000,INT_CUT to EA-RH-FH,16
(PALS)MEADOWS SLOPE WILDLAND FIRE PROTECTION PROJECT RECORD OF DECISION,INT_CUT,2012-10-31,161.0,0 days 00:00:00.000000000,INT_CUT and EA-RH-FH same day,0
(PALS)MEADOWS SLOPE WILDLAND FIRE PROTECTION PROJECT RECORD OF DECISION,INT_CUT,2013-07-15,28.0,257 days 00:00:00.000000000,INT_CUT to INT_CUT,257
(PALS)MEADOWS SLOPE WILDLAND FIRE PROTECTION PROJECT RECORD OF DECISION,INT_CUT,2013-09-23,100.0,70 days 00:00:00.000000000,INT_CUT to INT_CUT,70
(PALS)MEADOWS SLOPE WILDLAND FIRE PROTECTION PROJECT RECORD OF DECISION,INT_CUT,2013-11-14,28.0,52 days 00:00:00.000000000,INT_CUT to INT_CUT,52
(PALS)MEADOWS SLOPE WILDLAND FIRE PROTECTION PROJECT RECORD OF DECISION,INT_CUT,2014-05-16,2.0,183 days 00:00:00.000000000,INT_CUT to INT_CUT,183
(PALS)MEADOWS SLOPE WILDLAND FIRE PROTECTION PROJECT RECORD OF DECISION,INT_CUT,2014-06-20,38.0,35 days 00:00:00.000000000,INT_CUT to INT_CUT,35
(PALS)MEADOWS SLOPE WILDLAND FIRE PROTECTION PROJECT RECORD OF DECISION,INT_CUT,2014-07-18,26.0,28 days 00:00:00.000000000,INT_CUT to INT_CUT,28
(PALS)MEADOWS SLOPE WILDLAND FIRE PROTECTION PROJECT RECORD OF DECISION,INT_CUT,2014-08-15,126.0,28 days 00:00:00.000000000,INT_CUT to INT_CUT,28
(PALS)MEADOWS SLOPE WILDLAND FIRE PROTECTION PROJECT RECORD OF DECISION,INT_CUT,2014-09-15,3.0,31 days 00:00:00.000000000,INT_CUT to INT_CUT,31
(PALS)MEADOWS SLOPE WILDLAND FIRE PROTECTION PROJECT RECORD OF DECISION,INT_CUT,2014-10-15,141.0,30 days 00:00:00.000000000,INT_CUT to INT_CUT,30
(PALS)MEADOWS SLOPE WILDLAND FIRE PROTECTION PROJECT RECORD OF DECISION,INT_CUT,2014-11-14,230.0,30 days 00:00:00.000000000,INT_CUT to INT_CUT,30
(PALS)BEAVER CREEK FUELS REDUCTION PROJECT,INT_CUT,2014-08-31,3.0,0 days 00:00:00.000000000,INT_CUT initial,0
(PALS)BEAVER CREEK FUELS REDUCTION PROJECT,INT_CUT,2016-12-19,80.0,841 days 00:00:00.000000000,INT_CUT to INT_CUT,841
(PALS)ELK MOUNTAIN EAST VEGETATION MANAGEMENT,INT_CUT,2018-08-17,70.0,0 days 00:00:00.000000000,INT_CUT initial,0
(PALS)TRAPPER CREEK VEGETATION MANAGEMENT PROJECT,EA-RH-FH,2010-09-03,15.0,0 days 00:00:00.000000000,EA-RH-FH initial,0
(PALS)TRAPPER CREEK VEGETATION MANAGEMENT PROJECT,EA-RH-FH,2012-11-26,5.0,815 days 00:00:00.000000000,EA-RH-FH to EA-RH-FH,815
(PALS)TRAPPER CREEK VEGETATION MANAGEMENT PROJECT,EA-RH-FH,2017-09-01,14.0,1740 days 00:00:00.000000000,EA-RH-FH to EA-RH-FH,1740
(PALS)TRAPPER CREEK VEGETATION MANAGEMENT PROJECT,EA-RH-FH,2017-11-10,79.0,70 days 00:00:00.000000000,EA-RH-FH to EA-RH-FH,70
(PALS)LITTLE OPHIR HAZARDOUS FUELS REDUCTION PROJECT DECISION NOTICE & FONSI,INT_CUT,2012-09-21,95.0,0 days 00:00:00.000000000,INT_CUT initial,0
(PALS)LITTLE OPHIR HAZARDOUS FUELS REDUCTION PROJECT DECISION NOTICE & FONSI,INT_CUT,2014-09-01,42.0,710 days 00:00:00.000000000,INT_CUT to INT_CUT,710
(PALS)LITTLE OPHIR HAZARDOUS FUELS REDUCTION PROJECT DECISION NOTICE & FONSI,INT_CUT,2015-09-03,416.0,367 days 00:00:00.000000000,INT_CUT to INT_CUT,367
(PALS)WILLIAMS CREEK PROJECT DECISION MEMO,INT_CUT,2016-09-21,98.0,0 days 00:00:00.000000000,INT_CUT initial,0
(PALS)WILLIAMS CREEK PROJECT DECISION MEMO,UA-RH-FH,2016-09-21,110.0,0 days 00:00:00.000000000,UA-RH-FH and INT_CUT same day,0
(PALS)WILLIAMS CREEK PROJECT DECISION MEMO,INT_CUT,2017-08-01,103.0,314 days 00:00:00.000000000,UA-RH-FH to INT_CUT,314
(PALS)WILLIAMS CREEK PROJECT DECISION MEMO,UA-RH-FH,2017-08-01,354.0,0 days 00:00:00.000000000,UA-RH-FH and INT_CUT same day,0
(PALS)WILLIAMS CREEK PROJECT DECISION MEMO,INT_CUT,2019-09-24,28.0,784 days 00:00:00.000000000,UA-RH-FH to INT_CUT,784
(PALS)WILLIAMS CREEK PROJECT DECISION MEMO,UA-RH-FH,2019-09-24,234.0,0 days 00:00:00.000000000,UA-RH-FH and INT_CUT same day,0
NORTH KENNEDY-COTTONWOOD TS,INT_CUT,2005-10-15,71.0,0 days 00:00:00.000000000,INT_CUT initial,0
NORTH KENNEDY-COTTONWOOD TS,INT_CUT,2006-10-15,35.0,365 days 00:00:00.000000000,INT_CUT to INT_CUT,365
NORTH KENNEDY-COTTONWOOD TS,EA-NRH-NFH,2007-09-15,54.0,335 days 00:00:00.000000000,INT_CUT to EA-NRH-NFH,335
NORTH KENNEDY-COTTONWOOD TS,EA-RH-NFH,2007-09-15,110.0,0 days 00:00:00.000000000,EA-RH-NFH and EA-NRH-NFH same day,0
NORTH KENNEDY-COTTONWOOD TS,INT_CUT,2007-09-15,697.0,0 days 00:00:00.000000000,INT_CUT and EA-RH-NFH same day,0
NORTH KENNEDY-COTTONWOOD TS,EA-RH-NFH,2008-12-15,8.0,457 days 00:00:00.000000000,INT_CUT to EA-RH-NFH,457
NORTH KENNEDY-COTTONWOOD TS,INT_CUT,2008-12-15,539.0,0 days 00:00:00.000000000,INT_CUT and EA-RH-NFH same day,0
NORTH KENNEDY-COTTONWOOD TS,INT_CUT,2009-07-15,318.0,212 days 00:00:00.000000000,INT_CUT to INT_CUT,212
NORTH KENNEDY-COTTONWOOD TS,INT_CUT,2009-07-30,42.0,15 days 00:00:00.000000000,INT_CUT to INT_CUT,15
(PALS)WEST MOUNTAIN NORTH RECORD OF DECISION,EA-RH-NFH,2007-09-15,105.0,0 days 00:00:00.000000000,EA-RH-NFH initial,0
(PALS)WEST MOUNTAIN NORTH RECORD OF DECISION,INT_CUT,2007-09-15,88.0,0 days 00:00:00.000000000,INT_CUT and EA-RH-NFH same day,0
(PALS)WEST MOUNTAIN NORTH RECORD OF DECISION,EA-NRH-NFH,2008-09-15,60.0,366 days 00:00:00.000000000,INT_CUT to EA-NRH-NFH,366
(PALS)WEST MOUNTAIN NORTH RECORD OF DECISION,EA-RH-NFH,2008-09-15,104.0,0 days 00:00:00.000000000,EA-RH-NFH and EA-NRH-NFH same day,0
(PALS)WEST MOUNTAIN NORTH RECORD OF DECISION,INT_CUT,2008-09-15,63.0,0 days 00:00:00.000000000,INT_CUT and EA-RH-NFH same day,0
(PALS)WEST MOUNTAIN NORTH RECORD OF DECISION,UA-RH-FH,2008-09-15,26.0,0 days 00:00:00.000000000,UA-RH-FH and INT_CUT same day,0
(PALS)WEST MOUNTAIN NORTH RECORD OF DECISION,INT_CUT,2010-09-01,25.0,716 days 00:00:00.000000000,UA-RH-FH to INT_CUT,716
(PALS)WEST MOUNTAIN NORTH RECORD OF DECISION,EA-NRH-FH,2010-09-15,45.0,14 days 00:00:00.000000000,INT_CUT to EA-NRH-FH,14
(PALS)WEST MOUNTAIN NORTH RECORD OF DECISION,EA-RH-NFH,2010-09-15,65.0,0 days 00:00:00.000000000,EA-RH-NFH and EA-NRH-FH same day,0
(PALS)WEST MOUNTAIN NORTH RECORD OF DECISION,INT_CUT,2010-09-15,187.0,0 days 00:00:00.000000000,INT_CUT and EA-RH-NFH same day,0
MESA PROJECT,A2-RH-NFH,2006-06-15,64.0,0 days 00:00:00.000000000,A2-RH-NFH initial,0
MESA PROJECT,INT_CUT,2006-06-15,76.0,0 days 00:00:00.000000000,INT_CUT and A2-RH-NFH same day,0
MESA PROJECT,EA-RH-NFH,2006-08-24,16.0,70 days 00:00:00.000000000,INT_CUT to EA-RH-NFH,70
MESA PROJECT,EA-RH-NFH,2006-08-25,11.0,1 days 00:00:00.000000000,EA-RH-NFH to EA-RH-NFH,1
SILVER CREEK,INT_CUT,2008-09-15,42.0,0 days 00:00:00.000000000,INT_CUT initial,0
SILVER CREEK,INT_CUT,2008-09-18,91.0,3 days 00:00:00.000000000,INT_CUT to INT_CUT,3
SILVER CREEK,INT_CUT,2010-07-15,248.0,665 days 00:00:00.000000000,INT_CUT to INT_CUT,665
"(PALS)DEVELOPED CAMPGROUND, TRAILS AND ROADWAYS CLEANUP PROJECT",INT_CUT,2016-06-01,23.0,0 days 00:00:00.000000000,INT_CUT initial,0
(PALS)SIXSHOOTER PROJECT,EA-RH-NFH,2011-08-15,24.0,0 days 00:00:00.000000000,EA-RH-NFH initial,0
(PALS)SIXSHOOTER PROJECT,INT_CUT,2011-08-15,509.0,0 days 00:00:00.000000000,INT_CUT and EA-RH-NFH same day,0
(PALS)SIXSHOOTER PROJECT,EA-RH-NFH,2011-09-15,63.0,31 days 00:00:00.000000000,INT_CUT to EA-RH-NFH,31
(PALS)SIXSHOOTER PROJECT,INT_CUT,2011-09-15,84.0,0 days 00:00:00.000000000,INT_CUT and EA-RH-NFH same day,0
(PALS)SIXSHOOTER PROJECT,INT_CUT,2012-07-15,35.0,304 days 00:00:00.000000000,INT_CUT to INT_CUT,304
(PALS)SIXSHOOTER PROJECT,EA-NRH-NFH,2012-08-01,6.0,17 days 00:00:00.000000000,INT_CUT to EA-NRH-NFH,17
(PALS)SIXSHOOTER PROJECT,EA-RH-NFH,2012-08-01,17.0,0 days 00:00:00.000000000,EA-RH-NFH and EA-NRH-NFH same day,0
(PALS)SIXSHOOTER PROJECT,INT_CUT,2012-08-01,126.0,0 days 00:00:00.000000000,INT_CUT and EA-RH-NFH same day,0
(PALS)SIXSHOOTER PROJECT,INT_CUT,2012-08-02,22.0,1 days 00:00:00.000000000,INT_CUT to INT_CUT,1
(PALS)SIXSHOOTER PROJECT,EA-RH-NFH,2012-09-04,59.0,33 days 00:00:00.000000000,INT_CUT to EA-RH-NFH,33
(PALS)SIXSHOOTER PROJECT,EA-RH-NFH,2012-09-13,116.0,9 days 00:00:00.000000000,EA-RH-NFH to EA-RH-NFH,9
(PALS)SIXSHOOTER PROJECT,INT_CUT,2012-09-13,278.0,0 days 00:00:00.000000000,INT_CUT and EA-RH-NFH same day,0
(PALS)SIXSHOOTER PROJECT,EA-RH-NFH,2013-08-13,7.0,334 days 00:00:00.000000000,INT_CUT to EA-RH-NFH,334
(PALS)ROADSIDE HAZARD TREE REMOVAL DECISION NOTICE &FONSI,INT_CUT,2010-06-15,14.2,0 days 00:00:00.000000000,INT_CUT initial,0
(PALS)ROADSIDE HAZARD TREE REMOVAL DECISION NOTICE &FONSI,INT_CUT,2010-09-15,44.39999999999999,92 days 00:00:00.000000000,INT_CUT to INT_CUT,92
(PALS)ROADSIDE HAZARD TREE REMOVAL DECISION NOTICE &FONSI,INT_CUT,2013-10-17,26.0,1128 days 00:00:00.000000000,INT_CUT to INT_CUT,1128
(PALS)ROADSIDE HAZARD TREE REMOVAL DECISION NOTICE &FONSI,INT_CUT,2013-11-15,2.0,29 days 00:00:00.000000000,INT_CUT to INT_CUT,29
(PALS)ROADSIDE HAZARD TREE REMOVAL DECISION NOTICE &FONSI,INT_CUT,2015-07-15,2.0,607 days 00:00:00.000000000,INT_CUT to INT_CUT,607
(PALS)ROADSIDE HAZARD TREE REMOVAL DECISION NOTICE &FONSI,INT_CUT,2016-09-01,5.8,414 days 00:00:00.000000000,INT_CUT to INT_CUT,414
(PALS)STAR RANCH FUELS REDUCTION PROJECT,INT_CUT,2009-02-09,113.0,0 days 00:00:00.000000000,INT_CUT initial,0
(PALS)STAR RANCH FUELS REDUCTION PROJECT,INT_CUT,2009-07-30,46.0,171 days 00:00:00.000000000,INT_CUT to INT_CUT,171
(PALS)STAR RANCH FUELS REDUCTION PROJECT,INT_CUT,2010-09-03,112.0,400 days 00:00:00.000000000,INT_CUT to INT_CUT,400
(PALS)STAR RANCH FUELS REDUCTION PROJECT,INT_CUT,2012-11-08,30.0,797 days 00:00:00.000000000,INT_CUT to INT_CUT,797
(PALS)AIRLINE VEGETATION MANAGEMENT PROJECT,INT_CUT,2007-04-25,197.0,0 days 00:00:00.000000000,INT_CUT initial,0
(PALS)MIDDLE FORK SALVAGE DECISION NOTICE,INT_CUT,2008-10-24,345.0,0 days 00:00:00.000000000,INT_CUT initial,0
WHISKEY CAMPO RESOURCE MANAGEMENT PROJECT,INT_CUT,2005-09-30,238.0,0 days 00:00:00.000000000,INT_CUT initial,0
AIRLINE PROJECT,INT_CUT,2007-04-25,478.0,0 days 00:00:00.000000000,INT_CUT initial,0
HOLLYWOOD SANITATION PROJECT,INT_CUT,2005-10-15,174.29999999999998,0 days 00:00:00.000000000,INT_CUT initial,0
(PALS)BRUSH BOULDER,EA-NRH-NFH,2005-09-15,74.0,0 days 00:00:00.000000000,EA-NRH-NFH initial,0
(PALS)BRUSH BOULDER,EA-RH-FH,2005-09-15,4.0,0 days 00:00:00.000000000,EA-RH-FH and EA-NRH-NFH same day,0
(PALS)BRUSH BOULDER,EA-RH-NFH,2005-09-15,8.0,0 days 00:00:00.000000000,EA-RH-NFH and EA-RH-FH same day,0
(PALS)BRUSH BOULDER,INT_CUT,2005-09-15,33.0,0 days 00:00:00.000000000,INT_CUT and EA-RH-NFH same day,0
(PALS)BRUSH BOULDER,EA-NRH-NFH,2006-01-15,43.0,122 days 00:00:00.000000000,INT_CUT to EA-NRH-NFH,122
(PALS)BRUSH BOULDER,EA-RH-FH,2006-01-15,5.0,0 days 00:00:00.000000000,EA-RH-FH and EA-NRH-NFH same day,0
(PALS)BRUSH BOULDER,INT_CUT,2006-01-15,396.0,0 days 00:00:00.000000000,INT_CUT and EA-RH-FH same day,0
(PALS)BRUSH BOULDER,EA-NRH-NFH,2007-12-15,29.0,699 days 00:00:00.000000000,INT_CUT to EA-NRH-NFH,699
(PALS)BRUSH BOULDER,EA-RH-FH,2007-12-15,6.0,0 days 00:00:00.000000000,EA-RH-FH and EA-NRH-NFH same day,0
(PALS)BRUSH BOULDER,EA-RH-FH,2008-07-15,19.0,213 days 00:00:00.000000000,EA-RH-FH to EA-RH-FH,213
(PALS)BRUSH BOULDER,EA-NRH-NFH,2008-12-01,212.0,139 days 00:00:00.000000000,EA-RH-FH to EA-NRH-NFH,139
(PALS)BRUSH BOULDER,EA-RH-FH,2008-12-01,11.0,0 days 00:00:00.000000000,EA-RH-FH and EA-NRH-NFH same day,0
(PALS)BRUSH BOULDER,EA-RH-NFH,2008-12-01,14.0,0 days 00:00:00.000000000,EA-RH-NFH and EA-RH-FH same day,0
(PALS)BRUSH BOULDER,INT_CUT,2008-12-01,12.0,0 days 00:00:00.000000000,INT_CUT and EA-RH-NFH same day,0
(PALS)VALLEY COUNTY QUARRY DEVELOPMENT,LAND_CLEAR,2019-09-09,5.0,0 days 00:00:00.000000000,LAND_CLEAR initial,0
JOHNSON RESOURCE MANAGEMENT PROJECT,A2-RH-FH,2005-11-30,39.0,0 days 00:00:00.000000000,A2-RH-FH initial,0
(PALS)RAINBOW POINT AND AMANITA CAMPGROUND FOREST HEALTH AND SAFETY IMPROVEMENT,INT_CUT,2017-05-30,5.7,0 days 00:00:00.000000000,INT_CUT initial,0
(PALS)RAINBOW POINT AND AMANITA CAMPGROUND FOREST HEALTH AND SAFETY IMPROVEMENT,INT_CUT,2018-04-03,19.3,308 days 00:00:00.000000000,INT_CUT to INT_CUT,308
(PALS)RAINBOW POINT AND AMANITA CAMPGROUND FOREST HEALTH AND SAFETY IMPROVEMENT,UA-RH-FH,2018-04-03,0.7,0 days 00:00:00.000000000,UA-RH-FH and INT_CUT same day,0
ATLANTA SOUTH FUELS REDUCTION PROJECT,INT_CUT,2011-09-22,84.0,0 days 00:00:00.000000000,INT_CUT initial,0
ATLANTA SOUTH FUELS REDUCTION PROJECT,INT_CUT,2011-10-01,41.0,9 days 00:00:00.000000000,INT_CUT to INT_CUT,9
ATLANTA SOUTH FUELS REDUCTION PROJECT,INT_CUT,2011-10-15,30.0,14 days 00:00:00.000000000,INT_CUT to INT_CUT,14
ATLANTA SOUTH FUELS REDUCTION PROJECT,INT_CUT,2011-11-01,29.0,17 days 00:00:00.000000000,INT_CUT to INT_CUT,17
ATLANTA SOUTH FUELS REDUCTION PROJECT,INT_CUT,2011-11-21,114.0,20 days 00:00:00.000000000,INT_CUT to INT_CUT,20
"(PALS)MORES SOUTH FUEL REDUCTION PROJECT, DECISION NOTICE AND FONSI",INT_CUT,2007-10-15,175.0,0 days 00:00:00.000000000,INT_CUT initial,0
"(PALS)MORES SOUTH FUEL REDUCTION PROJECT, DECISION NOTICE AND FONSI",INT_CUT,2009-01-13,287.0,456 days 00:00:00.000000000,INT_CUT to INT_CUT,456
"(PALS)MORES SOUTH FUEL REDUCTION PROJECT, DECISION NOTICE AND FONSI",INT_CUT,2010-04-21,287.0,463 days 00:00:00.000000000,INT_CUT to INT_CUT,463
"(PALS)MORES SOUTH FUEL REDUCTION PROJECT, DECISION NOTICE AND FONSI",INT_CUT,2012-01-13,7.0,632 days 00:00:00.000000000,INT_CUT to INT_CUT,632
"(PALS)MORES SOUTH FUEL REDUCTION PROJECT, DECISION NOTICE AND FONSI",INT_CUT,2012-01-18,8.0,5 days 00:00:00.000000000,INT_CUT to INT_CUT,5
"(PALS)MORES SOUTH FUEL REDUCTION PROJECT, DECISION NOTICE AND FONSI",INT_CUT,2012-05-15,89.0,118 days 00:00:00.000000000,INT_CUT to INT_CUT,118
"(PALS)MORES SOUTH FUEL REDUCTION PROJECT, DECISION NOTICE AND FONSI",INT_CUT,2012-05-31,88.0,16 days 00:00:00.000000000,INT_CUT to INT_CUT,16
"(PALS)MORES SOUTH FUEL REDUCTION PROJECT, DECISION NOTICE AND FONSI",INT_CUT,2012-11-05,232.0,158 days 00:00:00.000000000,INT_CUT to INT_CUT,158
"(PALS)MORES SOUTH FUEL REDUCTION PROJECT, DECISION NOTICE AND FONSI",INT_CUT,2016-09-28,175.0,1423 days 00:00:00.000000000,INT_CUT to INT_CUT,1423
(PALS)WHITE FLAT RESOURCE MANAGEMENT PROJECT,INT_CUT,2013-08-20,330.0,0 days 00:00:00.000000000,INT_CUT initial,0
LOWER PARKS RESOURCE MANAGEMENT PROJECT,INT_CUT,2007-08-01,186.0,0 days 00:00:00.000000000,INT_CUT initial,0
(PALS)YELLOW PINE BLOWDOWN,INT_CUT,2017-09-08,31.0,0 days 00:00:00.000000000,INT_CUT initial,0
(PALS)CAMPGROUND MOUNTAIN PINE BEETLE PREVENTION AND SUPPRESSION PROJECT,INT_CUT,2012-09-15,24.0,0 days 00:00:00.000000000,INT_CUT initial,0
(PALS)CAMPGROUND MOUNTAIN PINE BEETLE PREVENTION AND SUPPRESSION PROJECT,INT_CUT,2014-08-10,37.0,694 days 00:00:00.000000000,INT_CUT to INT_CUT,694
OLA GRADE SANITATION PROJECT,INT_CUT,2007-10-05,32.0,0 days 00:00:00.000000000,INT_CUT initial,0
(PALS)UPPER MIDDLE FORK PAYETTE RIVER DECISION NOTICE AND FONSI,INT_CUT,2018-11-07,132.0,0 days 00:00:00.000000000,INT_CUT initial,0
(PALS)LAKE CREEK STORM SALVAGE PROJECT,INT_CUT,2008-09-02,49.0,0 days 00:00:00.000000000,INT_CUT initial,0
PRINCE JOHN,EA-RH-NFH,2004-12-01,96.0,0 days 00:00:00.000000000,EA-RH-NFH initial,0
BARBER FLAT VEG. MGT. PROJECT,INT_CUT,2004-11-01,96.0,0 days 00:00:00.000000000,INT_CUT initial,0
(PALS)OLA GRADE SANITATION PROJECT,INT_CUT,2007-10-05,26.0,0 days 00:00:00.000000000,INT_CUT initial,0
SIXSHOOTER PROJECT,INT_CUT,2011-09-15,24.0,0 days 00:00:00.000000000,INT_CUT initial,0
(PALS)GOLDBUG COMMERCIAL FUELWOOD,EA-NRH-FH,2008-09-01,28.0,0 days 00:00:00.000000000,EA-NRH-FH initial,0
(PALS)GOLDBUG COMMERCIAL FUELWOOD,INT_CUT,2008-10-24,53.0,53 days 00:00:00.000000000,EA-NRH-FH to INT_CUT,53
(PALS)GOLDBUG COMMERCIAL FUELWOOD,INT_CUT,2010-12-03,54.0,770 days 00:00:00.000000000,INT_CUT to INT_CUT,770
(PALS)MOSQUITO FLAT FUELS REDUCTION PROJECT DECISION NOTICE/FONSI,EA-RH-NFH,2019-07-19,32.0,0 days 00:00:00.000000000,EA-RH-NFH initial,0
(PALS)DN/FONSI HUGHES CREEK HAZARDOUS FUELS REDUCTION PROJECT,INT_CUT,2011-11-05,317.0,0 days 00:00:00.000000000,INT_CUT initial,0
(PALS)DECISION NOTICE FONSI FOR LO-ELLY FUELS REDUCTION PROJECT,INT_CUT,2012-11-30,198.0,0 days 00:00:00.000000000,INT_CUT initial,0
(PALS)DECISION NOTICE FONSI FOR LO-ELLY FUELS REDUCTION PROJECT,INT_CUT,2014-07-28,89.0,605 days 00:00:00.000000000,INT_CUT to INT_CUT,605
(PALS)DECISION NOTICE FONSI FOR LO-ELLY FUELS REDUCTION PROJECT,INT_CUT,2014-09-30,124.0,64 days 00:00:00.000000000,INT_CUT to INT_CUT,64
(PALS)DECISION NOTICE FONSI FOR LO-ELLY FUELS REDUCTION PROJECT,INT_CUT,2016-09-28,163.0,729 days 00:00:00.000000000,INT_CUT to INT_CUT,729
(PALS)DECISION NOTICE FONSI FOR LO-ELLY FUELS REDUCTION PROJECT,SPEC_PROD_REMOVE,2016-09-29,28.0,1 days 00:00:00.000000000,INT_CUT to SPEC_PROD_REMOVE,1
(PALS)LITTLE WEISER LANDSCAPE VEGETATION MANAGEMENT PROJECT,EA-RH-NFH,2005-06-05,13.0,0 days 00:00:00.000000000,EA-RH-NFH initial,0
(PALS)LITTLE WEISER LANDSCAPE VEGETATION MANAGEMENT PROJECT,INT_CUT,2005-06-05,12.0,0 days 00:00:00.000000000,INT_CUT and EA-RH-NFH same day,0
(PALS)LITTLE WEISER LANDSCAPE VEGETATION MANAGEMENT PROJECT,EA-RH-FH,2005-08-01,8.0,57 days 00:00:00.000000000,INT_CUT to EA-RH-FH,57
(PALS)LITTLE WEISER LANDSCAPE VEGETATION MANAGEMENT PROJECT,EA-RH-FH,2005-08-30,11.0,29 days 00:00:00.000000000,EA-RH-FH to EA-RH-FH,29
(PALS)LITTLE WEISER LANDSCAPE VEGETATION MANAGEMENT PROJECT,EA-RH-FH,2005-09-01,10.0,2 days 00:00:00.000000000,EA-RH-FH to EA-RH-FH,2
(PALS)LITTLE WEISER LANDSCAPE VEGETATION MANAGEMENT PROJECT,EA-NRH-FH,2005-10-01,15.0,30 days 00:00:00.000000000,EA-RH-FH to EA-NRH-FH,30
(PALS)LITTLE WEISER LANDSCAPE VEGETATION MANAGEMENT PROJECT,EA-RH-FH,2006-05-30,6.0,241 days 00:00:00.000000000,EA-NRH-FH to EA-RH-FH,241
(PALS)LITTLE WEISER LANDSCAPE VEGETATION MANAGEMENT PROJECT,INT_CUT,2006-05-30,12.0,0 days 00:00:00.000000000,INT_CUT and EA-RH-FH same day,0
(PALS)LITTLE WEISER LANDSCAPE VEGETATION MANAGEMENT PROJECT,INT_CUT,2006-06-01,13.0,2 days 00:00:00.000000000,INT_CUT to INT_CUT,2
(PALS)LITTLE WEISER LANDSCAPE VEGETATION MANAGEMENT PROJECT,EA-RH-FH,2006-06-30,54.0,29 days 00:00:00.000000000,INT_CUT to EA-RH-FH,29
(PALS)LITTLE WEISER LANDSCAPE VEGETATION MANAGEMENT PROJECT,INT_CUT,2006-06-30,10.0,0 days 00:00:00.000000000,INT_CUT and EA-RH-FH same day,0
(PALS)LITTLE WEISER LANDSCAPE VEGETATION MANAGEMENT PROJECT,EA-RH-FH,2006-07-15,6.0,15 days 00:00:00.000000000,INT_CUT to EA-RH-FH,15
(PALS)LITTLE WEISER LANDSCAPE VEGETATION MANAGEMENT PROJECT,EA-RH-FH,2006-07-30,7.0,15 days 00:00:00.000000000,EA-RH-FH to EA-RH-FH,15
(PALS)LITTLE WEISER LANDSCAPE VEGETATION MANAGEMENT PROJECT,EA-RH-FH,2006-08-30,9.0,31 days 00:00:00.000000000,EA-RH-FH to EA-RH-FH,31
(PALS)LITTLE WEISER LANDSCAPE VEGETATION MANAGEMENT PROJECT,EA-RH-FH,2006-10-24,6.0,55 days 00:00:00.000000000,EA-RH-FH to EA-RH-FH,55
(PALS)LITTLE WEISER LANDSCAPE VEGETATION MANAGEMENT PROJECT,EA-RH-FH,2006-10-30,28.0,6 days 00:00:00.000000000,EA-RH-FH to EA-RH-FH,6
(PALS)LITTLE WEISER LANDSCAPE VEGETATION MANAGEMENT PROJECT,EA-RH-FH,2007-05-30,31.0,212 days 00:00:00.000000000,EA-RH-FH to EA-RH-FH,212
(PALS)LITTLE WEISER LANDSCAPE VEGETATION MANAGEMENT PROJECT,EA-RH-FH,2007-06-06,12.0,7 days 00:00:00.000000000,EA-RH-FH to EA-RH-FH,7
(PALS)LITTLE WEISER LANDSCAPE VEGETATION MANAGEMENT PROJECT,EA-RH-FH,2007-06-10,15.0,4 days 00:00:00.000000000,EA-RH-FH to EA-RH-FH,4
(PALS)LITTLE WEISER LANDSCAPE VEGETATION MANAGEMENT PROJECT,EA-RH-FH,2007-06-30,70.0,20 days 00:00:00.000000000,EA-RH-FH to EA-RH-FH,20
(PALS)LITTLE WEISER LANDSCAPE VEGETATION MANAGEMENT PROJECT,EA-RH-FH,2007-07-01,20.0,1 days 00:00:00.000000000,EA-RH-FH to EA-RH-FH,1
(PALS)LITTLE WEISER LANDSCAPE VEGETATION MANAGEMENT PROJECT,EA-RH-FH,2007-07-15,26.0,14 days 00:00:00.000000000,EA-RH-FH to EA-RH-FH,14
(PALS)LITTLE WEISER LANDSCAPE VEGETATION MANAGEMENT PROJECT,EA-RH-FH,2007-07-30,9.0,15 days 00:00:00.000000000,EA-RH-FH to EA-RH-FH,15
(PALS)LITTLE WEISER LANDSCAPE VEGETATION MANAGEMENT PROJECT,EA-RH-FH,2007-08-01,41.0,2 days 00:00:00.000000000,EA-RH-FH to EA-RH-FH,2
(PALS)LITTLE WEISER LANDSCAPE VEGETATION MANAGEMENT PROJECT,EA-RH-FH,2007-08-15,6.0,14 days 00:00:00.000000000,EA-RH-FH to EA-RH-FH,14
(PALS)LITTLE WEISER LANDSCAPE VEGETATION MANAGEMENT PROJECT,EA-RH-FH,2007-08-30,11.0,15 days 00:00:00.000000000,EA-RH-FH to EA-RH-FH,15
(PALS)LITTLE WEISER LANDSCAPE VEGETATION MANAGEMENT PROJECT,EA-RH-FH,2007-10-30,33.0,61 days 00:00:00.000000000,EA-RH-FH to EA-RH-FH,61
(PALS)LITTLE WEISER LANDSCAPE VEGETATION MANAGEMENT PROJECT,EA-RH-FH,2007-10-31,53.0,1 days 00:00:00.000000000,EA-RH-FH to EA-RH-FH,1
(PALS)LITTLE WEISER LANDSCAPE VEGETATION MANAGEMENT PROJECT,EA-RH-FH,2007-11-30,3.0,30 days 00:00:00.000000000,EA-RH-FH to EA-RH-FH,30
(PALS)LITTLE WEISER LANDSCAPE VEGETATION MANAGEMENT PROJECT,EA-RH-FH,2008-06-18,34.0,201 days 00:00:00.000000000,EA-RH-FH to EA-RH-FH,201
(PALS)LITTLE WEISER LANDSCAPE VEGETATION MANAGEMENT PROJECT,INT_CUT,2008-06-20,7.0,2 days 00:00:00.000000000,EA-RH-FH to INT_CUT,2
(PALS)LITTLE WEISER LANDSCAPE VEGETATION MANAGEMENT PROJECT,EA-RH-FH,2008-07-25,29.0,35 days 00:00:00.000000000,INT_CUT to EA-RH-FH,35
(PALS)LITTLE WEISER LANDSCAPE VEGETATION MANAGEMENT PROJECT,EA-RH-FH,2008-08-10,10.0,16 days 00:00:00.000000000,EA-RH-FH to EA-RH-FH,16
(PALS)LITTLE WEISER LANDSCAPE VEGETATION MANAGEMENT PROJECT,EA-RH-FH,2008-08-13,17.0,3 days 00:00:00.000000000,EA-RH-FH to EA-RH-FH,3
(PALS)LITTLE WEISER LANDSCAPE VEGETATION MANAGEMENT PROJECT,EA-RH-FH,2008-08-20,4.0,7 days 00:00:00.000000000,EA-RH-FH to EA-RH-FH,7
(PALS)LITTLE WEISER LANDSCAPE VEGETATION MANAGEMENT PROJECT,EA-RH-FH,2008-09-01,9.0,12 days 00:00:00.000000000,EA-RH-FH to EA-RH-FH,12
(PALS)LITTLE WEISER LANDSCAPE VEGETATION MANAGEMENT PROJECT,EA-RH-FH,2008-09-05,78.0,4 days 00:00:00.000000000,EA-RH-FH to EA-RH-FH,4
(PALS)LITTLE WEISER LANDSCAPE VEGETATION MANAGEMENT PROJECT,INT_CUT,2008-09-05,5.0,0 days 00:00:00.000000000,INT_CUT and EA-RH-FH same day,0
(PALS)LITTLE WEISER LANDSCAPE VEGETATION MANAGEMENT PROJECT,EA-RH-FH,2008-09-08,25.0,3 days 00:00:00.000000000,INT_CUT to EA-RH-FH,3
(PALS)LITTLE WEISER LANDSCAPE VEGETATION MANAGEMENT PROJECT,EA-RH-FH,2008-10-15,15.0,37 days 00:00:00.000000000,EA-RH-FH to EA-RH-FH,37
(PALS)LITTLE WEISER LANDSCAPE VEGETATION MANAGEMENT PROJECT,EA-RH-FH,2008-10-28,177.0,13 days 00:00:00.000000000,EA-RH-FH to EA-RH-FH,13
(PALS)LITTLE WEISER LANDSCAPE VEGETATION MANAGEMENT PROJECT,INT_CUT,2008-10-28,3.0,0 days 00:00:00.000000000,INT_CUT and EA-RH-FH same day,0
(PALS)CAPE HORN ROAD FUELS REDUCTION,INT_CUT,2012-09-30,6.0,0 days 00:00:00.000000000,INT_CUT initial,0
(PALS)CAPE HORN ROAD FUELS REDUCTION,INT_CUT,2012-11-06,29.0,37 days 00:00:00.000000000,INT_CUT to INT_CUT,37
(PALS)CAPE HORN ROAD FUELS REDUCTION,INT_CUT,2012-11-23,6.0,17 days 00:00:00.000000000,INT_CUT to INT_CUT,17
(PALS)CAPE HORN ROAD FUELS REDUCTION,INT_CUT,2013-10-29,78.0,340 days 00:00:00.000000000,INT_CUT to INT_CUT,340
(PALS)CAPE HORN ROAD FUELS REDUCTION,INT_CUT,2014-10-28,44.0,364 days 00:00:00.000000000,INT_CUT to INT_CUT,364
(PALS)CAPE HORN ROAD FUELS REDUCTION,INT_CUT,2015-08-12,1532.0,288 days 00:00:00.000000000,INT_CUT to INT_CUT,288
GIBBONSVILLE WILDLAND URBAN INTERFACE FUELS REDUCTION PROJECT,INT_CUT,2007-10-15,40.0,0 days 00:00:00.000000000,INT_CUT initial,0
GIBBONSVILLE WILDLAND URBAN INTERFACE FUELS REDUCTION PROJECT,INT_CUT,2007-10-30,191.0,15 days 00:00:00.000000000,INT_CUT to INT_CUT,15
GIBBONSVILLE WILDLAND URBAN INTERFACE FUELS REDUCTION PROJECT,INT_CUT,2007-12-10,103.0,41 days 00:00:00.000000000,INT_CUT to INT_CUT,41
GIBBONSVILLE WILDLAND URBAN INTERFACE FUELS REDUCTION PROJECT,INT_CUT,2008-01-02,113.0,23 days 00:00:00.000000000,INT_CUT to INT_CUT,23
GIBBONSVILLE WILDLAND URBAN INTERFACE FUELS REDUCTION PROJECT,INT_CUT,2010-08-19,43.0,960 days 00:00:00.000000000,INT_CUT to INT_CUT,960
GIBBONSVILLE WILDLAND URBAN INTERFACE FUELS REDUCTION PROJECT,INT_CUT,2010-12-01,183.0,104 days 00:00:00.000000000,INT_CUT to INT_CUT,104
TAMARACK THIN,INT_CUT,2005-02-20,30.0,0 days 00:00:00.000000000,INT_CUT initial,0
TAMARACK THIN,INT_CUT,2005-03-20,42.0,28 days 00:00:00.000000000,INT_CUT to INT_CUT,28
TAMARACK THIN,INT_CUT,2005-06-20,175.0,92 days 00:00:00.000000000,INT_CUT to INT_CUT,92
(PALS)RANSACK HAZARDOUS FUELS REDUCTION PROJECT,INT_CUT,2006-09-30,136.0,0 days 00:00:00.000000000,INT_CUT initial,0
(PALS)RANSACK HAZARDOUS FUELS REDUCTION PROJECT,INT_CUT,2006-10-15,44.0,15 days 00:00:00.000000000,INT_CUT to INT_CUT,15
(PALS)BEAR TORNADO RECOVERY PROJECT,EA-RH-FH,2007-06-01,22.0,0 days 00:00:00.000000000,EA-RH-FH initial,0
(PALS)BEAR TORNADO RECOVERY PROJECT,EA-RH-FH,2007-06-23,41.0,22 days 00:00:00.000000000,EA-RH-FH to EA-RH-FH,22
(PALS)BEAR TORNADO RECOVERY PROJECT,EA-RH-FH,2007-06-30,14.0,7 days 00:00:00.000000000,EA-RH-FH to EA-RH-FH,7
(PALS)BEAR TORNADO RECOVERY PROJECT,EA-RH-FH,2007-07-30,14.0,30 days 00:00:00.000000000,EA-RH-FH to EA-RH-FH,30
(PALS)BEAR TORNADO RECOVERY PROJECT,INT_CUT,2007-07-30,4.0,0 days 00:00:00.000000000,INT_CUT and EA-RH-FH same day,0
(PALS)BEAR TORNADO RECOVERY PROJECT,EA-RH-FH,2007-08-01,90.0,2 days 00:00:00.000000000,INT_CUT to EA-RH-FH,2
(PALS)BEAR TORNADO RECOVERY PROJECT,EA-RH-FH,2007-08-15,230.0,14 days 00:00:00.000000000,EA-RH-FH to EA-RH-FH,14
(PALS)BEAR TORNADO RECOVERY PROJECT,EA-RH-FH,2007-08-30,52.1,15 days 00:00:00.000000000,EA-RH-FH to EA-RH-FH,15
(PALS)BEAR TORNADO RECOVERY PROJECT,INT_CUT,2007-08-30,30.0,0 days 00:00:00.000000000,INT_CUT and EA-RH-FH same day,0
(PALS)BEAR TORNADO RECOVERY PROJECT,EA-RH-FH,2007-09-30,4.0,31 days 00:00:00.000000000,INT_CUT to EA-RH-FH,31
(PALS)BEAR TORNADO RECOVERY PROJECT,EA-RH-FH,2007-10-30,75.0,30 days 00:00:00.000000000,EA-RH-FH to EA-RH-FH,30
(PALS)BEAR TORNADO RECOVERY PROJECT,EA-RH-FH,2008-09-30,7.0,336 days 00:00:00.000000000,EA-RH-FH to EA-RH-FH,336
(PALS)DECISION MEMO FOR DEEP CREEK RIDGE SALVAGE PROJECT,INT_CUT,2018-09-13,55.0,0 days 00:00:00.000000000,INT_CUT initial,0
(PALS)SALMON INTERFACE ADN MOOSE CREEK FUELS REDUCTION EA DN/FONSI,EA-RH-NFH,2011-01-03,12.0,0 days 00:00:00.000000000,EA-RH-NFH initial,0
(PALS)SALMON INTERFACE ADN MOOSE CREEK FUELS REDUCTION EA DN/FONSI,EA-RH-NFH,2011-09-30,50.0,270 days 00:00:00.000000000,EA-RH-NFH to EA-RH-NFH,270
(PALS)DECISION MEMO FOR CHALLIS MUNICIPAL THINNING PROJECT,SPEC_PROD_REMOVE,2016-09-29,175.0,0 days 00:00:00.000000000,SPEC_PROD_REMOVE initial,0
(PALS)DECISION MEMO STARHOPE FUELS REDUCTION PRESCRIBED BURN PROJECT,INT_CUT,2010-10-11,36.0,0 days 00:00:00.000000000,INT_CUT initial,0
(PALS)DECISION MEMO STARHOPE FUELS REDUCTION PRESCRIBED BURN PROJECT,SPEC_PROD_REMOVE,2016-09-29,252.0,2180 days 00:00:00.000000000,INT_CUT to SPEC_PROD_REMOVE,2180
(PALS)GARDEN CREEK FUELS REDUCTION PROJECT,INT_CUT,2017-08-04,3.0,0 days 00:00:00.000000000,INT_CUT initial,0
(PALS)BONANZA FOREST PRODUCTS PROJECT,INT_CUT,2012-09-28,14.0,0 days 00:00:00.000000000,INT_CUT initial,0
(PALS)BONANZA FOREST PRODUCTS PROJECT,INT_CUT,2013-09-23,70.0,360 days 00:00:00.000000000,INT_CUT to INT_CUT,360
(PALS)BRUNDAGE VEGETATION MANAGEMENT PROJECT,HARV_NOSTOCK,2010-07-15,6.0,0 days 00:00:00.000000000,HARV_NOSTOCK initial,0
(PALS)BRUNDAGE VEGETATION MANAGEMENT PROJECT,INT_CUT,2010-07-15,10.0,0 days 00:00:00.000000000,INT_CUT and HARV_NOSTOCK same day,0
(PALS)BRUNDAGE VEGETATION MANAGEMENT PROJECT,HARV_NOSTOCK,2010-08-15,5.0,31 days 00:00:00.000000000,INT_CUT to HARV_NOSTOCK,31
(PALS)BRUNDAGE VEGETATION MANAGEMENT PROJECT,INT_CUT,2010-08-15,9.0,0 days 00:00:00.000000000,INT_CUT and HARV_NOSTOCK same day,0
(PALS)BRUNDAGE VEGETATION MANAGEMENT PROJECT,HARV_NOSTOCK,2010-09-15,21.0,31 days 00:00:00.000000000,INT_CUT to HARV_NOSTOCK,31
(PALS)BRUNDAGE VEGETATION MANAGEMENT PROJECT,INT_CUT,2010-09-15,57.0,0 days 00:00:00.000000000,INT_CUT and HARV_NOSTOCK same day,0
(PALS)BRUNDAGE VEGETATION MANAGEMENT PROJECT,INT_CUT,2011-11-15,39.0,426 days 00:00:00.000000000,INT_CUT to INT_CUT,426
(PALS)BRUNDAGE VEGETATION MANAGEMENT PROJECT,EA-RH-FH,2012-08-01,10.0,260 days 00:00:00.000000000,INT_CUT to EA-RH-FH,260
(PALS)BRUNDAGE VEGETATION MANAGEMENT PROJECT,INT_CUT,2012-08-01,33.0,0 days 00:00:00.000000000,INT_CUT and EA-RH-FH same day,0
(PALS)BRUNDAGE VEGETATION MANAGEMENT PROJECT,EA-RH-FH,2012-08-02,10.0,1 days 00:00:00.000000000,INT_CUT to EA-RH-FH,1
(PALS)BRUNDAGE VEGETATION MANAGEMENT PROJECT,INT_CUT,2012-08-02,60.0,0 days 00:00:00.000000000,INT_CUT and EA-RH-FH same day,0
(PALS)GRAYS CREEK FIRE SALVAGE PROJECT ENVIRONMENTAL ASSESSMENT,EA-RH-FH,2008-05-30,17.0,0 days 00:00:00.000000000,EA-RH-FH initial,0
(PALS)GRAYS CREEK FIRE SALVAGE PROJECT ENVIRONMENTAL ASSESSMENT,EA-RH-FH,2008-09-09,1081.1999999999998,102 days 00:00:00.000000000,EA-RH-FH to EA-RH-FH,102
(PALS)GRAYS CREEK FIRE SALVAGE PROJECT ENVIRONMENTAL ASSESSMENT,EA-RH-FH,2008-09-30,9.0,21 days 00:00:00.000000000,EA-RH-FH to EA-RH-FH,21
(PALS)GRAYS CREEK FIRE SALVAGE PROJECT ENVIRONMENTAL ASSESSMENT,EA-RH-FH,2008-12-30,107.0,91 days 00:00:00.000000000,EA-RH-FH to EA-RH-FH,91
(PALS)PADDY FLAT VEGETATION MANAGEMENT PROJECT,A2-RH-NFH,2006-06-30,4.0,0 days 00:00:00.000000000,A2-RH-NFH initial,0
(PALS)PADDY FLAT VEGETATION MANAGEMENT PROJECT,A2-NRH-FH,2006-09-20,23.0,82 days 00:00:00.000000000,A2-RH-NFH to A2-NRH-FH,82
(PALS)PADDY FLAT VEGETATION MANAGEMENT PROJECT,A2-RH-NFH,2006-09-20,14.0,0 days 00:00:00.000000000,A2-RH-NFH and A2-NRH-FH same day,0
(PALS)PADDY FLAT VEGETATION MANAGEMENT PROJECT,A2-RH-FH,2006-09-20,7.0,0 days 00:00:00.000000000,A2-RH-FH and A2-RH-NFH same day,0
(PALS)PADDY FLAT VEGETATION MANAGEMENT PROJECT,EA-RH-FH,2008-08-15,4.0,695 days 00:00:00.000000000,A2-RH-FH to EA-RH-FH,695
(PALS)PADDY FLAT VEGETATION MANAGEMENT PROJECT,EA-NRH-NFH,2008-08-15,6.0,0 days 00:00:00.000000000,EA-NRH-NFH and EA-RH-FH same day,0
(PALS)PADDY FLAT VEGETATION MANAGEMENT PROJECT,A2-RH-NFH,2008-08-15,32.0,0 days 00:00:00.000000000,A2-RH-NFH and EA-NRH-NFH same day,0
(PALS)PADDY FLAT VEGETATION MANAGEMENT PROJECT,A2-NRH-FH,2008-08-22,30.0,7 days 00:00:00.000000000,A2-RH-NFH to A2-NRH-FH,7
(PALS)PADDY FLAT VEGETATION MANAGEMENT PROJECT,EA-NRH-NFH,2008-08-22,35.0,0 days 00:00:00.000000000,EA-NRH-NFH and A2-NRH-FH same day,0
(PALS)PADDY FLAT VEGETATION MANAGEMENT PROJECT,INT_CUT,2008-09-26,18.0,35 days 00:00:00.000000000,EA-NRH-NFH to INT_CUT,35
(PALS)PADDY FLAT VEGETATION MANAGEMENT PROJECT,A2-RH-NFH,2008-09-29,12.0,3 days 00:00:00.000000000,INT_CUT to A2-RH-NFH,3
(PALS)PADDY FLAT VEGETATION MANAGEMENT PROJECT,A2-NRH-FH,2008-09-29,24.0,0 days 00:00:00.000000000,A2-NRH-FH and A2-RH-NFH same day,0
(PALS)PADDY FLAT VEGETATION MANAGEMENT PROJECT,A2-NRH-FH,2008-09-30,4.0,1 days 00:00:00.000000000,A2-NRH-FH to A2-NRH-FH,1
(PALS)PADDY FLAT VEGETATION MANAGEMENT PROJECT,A2-RH-NFH,2008-10-31,49.0,31 days 00:00:00.000000000,A2-NRH-FH to A2-RH-NFH,31
(PALS)PADDY FLAT VEGETATION MANAGEMENT PROJECT,A2-NRH-FH,2008-10-31,10.0,0 days 00:00:00.000000000,A2-NRH-FH and A2-RH-NFH same day,0
(PALS)PADDY FLAT VEGETATION MANAGEMENT PROJECT,EA-NRH-NFH,2008-10-31,10.0,0 days 00:00:00.000000000,EA-NRH-NFH and A2-NRH-FH same day,0
(PALS)PADDY FLAT VEGETATION MANAGEMENT PROJECT,EA-RH-FH,2008-10-31,10.0,0 days 00:00:00.000000000,EA-RH-FH and EA-NRH-NFH same day,0
(PALS)PADDY FLAT VEGETATION MANAGEMENT PROJECT,EA-RH-NFH,2008-10-31,8.0,0 days 00:00:00.000000000,EA-RH-NFH and EA-RH-FH same day,0
(PALS)PADDY FLAT VEGETATION MANAGEMENT PROJECT,A2-NRH-FH,2008-11-28,19.0,28 days 00:00:00.000000000,EA-RH-NFH to A2-NRH-FH,28
(PALS)PADDY FLAT VEGETATION MANAGEMENT PROJECT,A2-NRH-FH,2008-12-31,25.0,33 days 00:00:00.000000000,A2-NRH-FH to A2-NRH-FH,33
(PALS)PADDY FLAT VEGETATION MANAGEMENT PROJECT,EA-RH-FH,2008-12-31,8.0,0 days 00:00:00.000000000,EA-RH-FH and A2-NRH-FH same day,0
(PALS)PADDY FLAT VEGETATION MANAGEMENT PROJECT,A2-RH-NFH,2009-06-30,40.0,181 days 00:00:00.000000000,EA-RH-FH to A2-RH-NFH,181
(PALS)PADDY FLAT VEGETATION MANAGEMENT PROJECT,EA-RH-FH,2009-06-30,5.0,0 days 00:00:00.000000000,EA-RH-FH and A2-RH-NFH same day,0
(PALS)PADDY FLAT VEGETATION MANAGEMENT PROJECT,A2-NRH-FH,2009-06-30,134.0,0 days 00:00:00.000000000,A2-NRH-FH and EA-RH-FH same day,0
(PALS)UPPER WEISER CONDITION CLASS PROJECT DECISION MEMO,EA-RH-FH,2006-04-27,7.0,0 days 00:00:00.000000000,EA-RH-FH initial,0
(PALS)UPPER WEISER CONDITION CLASS PROJECT DECISION MEMO,EA-RH-FH,2008-09-01,14.0,858 days 00:00:00.000000000,EA-RH-FH to EA-RH-FH,858
(PALS)UPPER WEISER CONDITION CLASS PROJECT DECISION MEMO,EA-RH-FH,2008-09-30,20.0,29 days 00:00:00.000000000,EA-RH-FH to EA-RH-FH,29
(PALS)UPPER WEISER CONDITION CLASS PROJECT DECISION MEMO,EA-RH-FH,2008-10-31,5.0,31 days 00:00:00.000000000,EA-RH-FH to EA-RH-FH,31
(PALS)UPPER WEISER CONDITION CLASS PROJECT DECISION MEMO,EA-RH-FH,2008-11-28,47.0,28 days 00:00:00.000000000,EA-RH-FH to EA-RH-FH,28
(PALS)UPPER WEISER CONDITION CLASS PROJECT DECISION MEMO,EA-RH-FH,2008-12-31,9.0,33 days 00:00:00.000000000,EA-RH-FH to EA-RH-FH,33
MANN CREEK,EA-RH-FH,2006-11-30,6.2,0 days 00:00:00.000000000,EA-RH-FH initial,0
MANN CREEK,EA-RH-FH,2007-01-01,28.2,32 days 00:00:00.000000000,EA-RH-FH to EA-RH-FH,32
MANN CREEK,INT_CUT,2007-01-01,1.5,0 days 00:00:00.000000000,INT_CUT and EA-RH-FH same day,0
MANN CREEK,INT_CUT,2007-06-30,24.0,180 days 00:00:00.000000000,INT_CUT to INT_CUT,180
MANN CREEK,EA-RH-FH,2007-10-22,13.0,114 days 00:00:00.000000000,INT_CUT to EA-RH-FH,114
MANN CREEK,INT_CUT,2007-10-22,7.0,0 days 00:00:00.000000000,INT_CUT and EA-RH-FH same day,0
(PALS)MIDDLE LITTLE SALMON VEGETATION MANAGEMENT PROJECT RECORD OF DECISION,INT_CUT,2006-08-31,12.0,0 days 00:00:00.000000000,INT_CUT initial,0
(PALS)BURGDORF ADMINISTRATIVE HAZARD TREE PROJECT,INT_CUT,2012-09-24,7.0,0 days 00:00:00.000000000,INT_CUT initial,0
(PALS)CUPRUM FUELS REDUCTION PROJECT,INT_CUT,2011-07-05,22.0,0 days 00:00:00.000000000,INT_CUT initial,0
(PALS)CUPRUM FUELS REDUCTION PROJECT,INT_CUT,2011-09-20,42.0,77 days 00:00:00.000000000,INT_CUT to INT_CUT,77
(PALS)CUPRUM FUELS REDUCTION PROJECT,INT_CUT,2011-10-15,14.0,25 days 00:00:00.000000000,INT_CUT to INT_CUT,25
(PALS)CUPRUM FUELS REDUCTION PROJECT,INT_CUT,2011-11-05,21.0,21 days 00:00:00.000000000,INT_CUT to INT_CUT,21
(PALS)CUPRUM FUELS REDUCTION PROJECT,INT_CUT,2011-11-15,22.0,10 days 00:00:00.000000000,INT_CUT to INT_CUT,10
(PALS)CUPRUM FUELS REDUCTION PROJECT,INT_CUT,2011-11-25,38.0,10 days 00:00:00.000000000,INT_CUT to INT_CUT,10
(PALS)CUPRUM FUELS REDUCTION PROJECT,INT_CUT,2012-05-20,47.0,177 days 00:00:00.000000000,INT_CUT to INT_CUT,177
(PALS)CUPRUM FUELS REDUCTION PROJECT,INT_CUT,2012-06-23,71.0,34 days 00:00:00.000000000,INT_CUT to INT_CUT,34
(PALS)CUPRUM FUELS REDUCTION PROJECT,INT_CUT,2012-07-04,47.0,11 days 00:00:00.000000000,INT_CUT to INT_CUT,11
MIDDLE LITTLE SALMON EIS,EA-RH-FH,2004-03-01,34.0,0 days 00:00:00.000000000,EA-RH-FH initial,0
MIDDLE LITTLE SALMON EIS,EA-RH-NFH,2006-11-30,11.0,1004 days 00:00:00.000000000,EA-RH-FH to EA-RH-NFH,1004
(PALS)SOUTH FORK BOISE RIVER PONDEROSA PINE THINNING PROJECT,INT_CUT,2009-04-22,58.0,0 days 00:00:00.000000000,INT_CUT initial,0
(PALS)SUMMIT GULCH VEGETATION MANAGEMENT PROJECT DN/FONSI,EA-RH-NFH,2010-12-09,16.299999999999997,0 days 00:00:00.000000000,EA-RH-NFH initial,0
(PALS)SUMMIT GULCH VEGETATION MANAGEMENT PROJECT DN/FONSI,INT_CUT,2010-12-09,51.7,0 days 00:00:00.000000000,INT_CUT and EA-RH-NFH same day,0
(PALS)SUMMIT GULCH VEGETATION MANAGEMENT PROJECT DN/FONSI,EA-RH-FH,2011-11-15,8.2,341 days 00:00:00.000000000,INT_CUT to EA-RH-FH,341
(PALS)SUMMIT GULCH VEGETATION MANAGEMENT PROJECT DN/FONSI,EA-RH-NFH,2011-11-15,66.4,0 days 00:00:00.000000000,EA-RH-NFH and EA-RH-FH same day,0
(PALS)SUMMIT GULCH VEGETATION MANAGEMENT PROJECT DN/FONSI,INT_CUT,2011-11-15,48.39999999999999,0 days 00:00:00.000000000,INT_CUT and EA-RH-NFH same day,0
(PALS)SUMMIT GULCH VEGETATION MANAGEMENT PROJECT DN/FONSI,EA-RH-NFH,2011-12-15,157.8,30 days 00:00:00.000000000,INT_CUT to EA-RH-NFH,30
(PALS)SUMMIT GULCH VEGETATION MANAGEMENT PROJECT DN/FONSI,INT_CUT,2011-12-15,46.2,0 days 00:00:00.000000000,INT_CUT and EA-RH-NFH same day,0
(PALS)ROCKY BEAR PROJECT,INT_CUT,2012-11-29,52.0,0 days 00:00:00.000000000,INT_CUT initial,0
(PALS)ROCKY BEAR PROJECT,INT_CUT,2012-11-30,108.0,1 days 00:00:00.000000000,INT_CUT to INT_CUT,1
(PALS)ROCKY BEAR PROJECT,INT_CUT,2012-12-21,55.0,21 days 00:00:00.000000000,INT_CUT to INT_CUT,21
(PALS)ROCKY BEAR PROJECT,INT_CUT,2015-09-21,63.0,1004 days 00:00:00.000000000,INT_CUT to INT_CUT,1004
(PALS)ROCKY BEAR PROJECT,INT_CUT,2015-09-28,70.0,7 days 00:00:00.000000000,INT_CUT to INT_CUT,7
(PALS)ROCKY BEAR PROJECT,INT_CUT,2015-10-19,72.0,21 days 00:00:00.000000000,INT_CUT to INT_CUT,21
(PALS)ROCKY BEAR PROJECT,INT_CUT,2016-07-01,114.0,256 days 00:00:00.000000000,INT_CUT to INT_CUT,256
(PALS)DN & FONSI WEISER RIVER FUELS REDUCTION PROJECT,INT_CUT,2012-01-01,22.0,0 days 00:00:00.000000000,INT_CUT initial,0
(PALS)DN & FONSI WEISER RIVER FUELS REDUCTION PROJECT,INT_CUT,2012-03-15,14.0,74 days 00:00:00.000000000,INT_CUT to INT_CUT,74
(PALS)DN & FONSI WEISER RIVER FUELS REDUCTION PROJECT,A2-RH-FH,2012-07-01,12.0,108 days 00:00:00.000000000,INT_CUT to A2-RH-FH,108
(PALS)DN & FONSI WEISER RIVER FUELS REDUCTION PROJECT,INT_CUT,2012-07-01,59.0,0 days 00:00:00.000000000,INT_CUT and A2-RH-FH same day,0
(PALS)DN & FONSI WEISER RIVER FUELS REDUCTION PROJECT,INT_CUT,2013-01-01,14.0,184 days 00:00:00.000000000,INT_CUT to INT_CUT,184
(PALS)DN & FONSI WEISER RIVER FUELS REDUCTION PROJECT,INT_CUT,2013-02-22,7.0,52 days 00:00:00.000000000,INT_CUT to INT_CUT,52
(PALS)DN & FONSI WEISER RIVER FUELS REDUCTION PROJECT,INT_CUT,2013-02-28,102.0,6 days 00:00:00.000000000,INT_CUT to INT_CUT,6
(PALS)DN & FONSI WEISER RIVER FUELS REDUCTION PROJECT,INT_CUT,2013-03-15,32.0,15 days 00:00:00.000000000,INT_CUT to INT_CUT,15
(PALS)DN & FONSI WEISER RIVER FUELS REDUCTION PROJECT,INT_CUT,2013-05-15,4.0,61 days 00:00:00.000000000,INT_CUT to INT_CUT,61
(PALS)DN & FONSI WEISER RIVER FUELS REDUCTION PROJECT,INT_CUT,2013-06-15,7.0,31 days 00:00:00.000000000,INT_CUT to INT_CUT,31
(PALS)DN & FONSI WEISER RIVER FUELS REDUCTION PROJECT,INT_CUT,2013-06-30,52.0,15 days 00:00:00.000000000,INT_CUT to INT_CUT,15
(PALS)DN & FONSI WEISER RIVER FUELS REDUCTION PROJECT,INT_CUT,2013-07-30,6.0,30 days 00:00:00.000000000,INT_CUT to INT_CUT,30
(PALS)DN & FONSI WEISER RIVER FUELS REDUCTION PROJECT,INT_CUT,2014-01-31,17.0,185 days 00:00:00.000000000,INT_CUT to INT_CUT,185
(PALS)DN & FONSI WEISER RIVER FUELS REDUCTION PROJECT,INT_CUT,2014-05-16,57.0,105 days 00:00:00.000000000,INT_CUT to INT_CUT,105
(PALS)DN & FONSI WEISER RIVER FUELS REDUCTION PROJECT,INT_CUT,2014-06-20,130.0,35 days 00:00:00.000000000,INT_CUT to INT_CUT,35
(PALS)DN & FONSI WEISER RIVER FUELS REDUCTION PROJECT,INT_CUT,2014-07-18,28.0,28 days 00:00:00.000000000,INT_CUT to INT_CUT,28
(PALS)DN & FONSI WEISER RIVER FUELS REDUCTION PROJECT,INT_CUT,2015-06-29,10.0,346 days 00:00:00.000000000,INT_CUT to INT_CUT,346
(PALS)DN & FONSI WEISER RIVER FUELS REDUCTION PROJECT,INT_CUT,2015-06-30,6.0,1 days 00:00:00.000000000,INT_CUT to INT_CUT,1
(PALS)DN & FONSI WEISER RIVER FUELS REDUCTION PROJECT,INT_CUT,2015-07-29,174.0,29 days 00:00:00.000000000,INT_CUT to INT_CUT,29
(PALS)DN & FONSI WEISER RIVER FUELS REDUCTION PROJECT,INT_CUT,2015-07-30,10.0,1 days 00:00:00.000000000,INT_CUT to INT_CUT,1
(PALS)DN & FONSI WEISER RIVER FUELS REDUCTION PROJECT,INT_CUT,2015-08-14,46.0,15 days 00:00:00.000000000,INT_CUT to INT_CUT,15
(PALS)DN & FONSI WEISER RIVER FUELS REDUCTION PROJECT,INT_CUT,2015-09-11,136.0,28 days 00:00:00.000000000,INT_CUT to INT_CUT,28
(PALS)DN & FONSI WEISER RIVER FUELS REDUCTION PROJECT,INT_CUT,2015-09-25,29.0,14 days 00:00:00.000000000,INT_CUT to INT_CUT,14
(PALS)DN & FONSI WEISER RIVER FUELS REDUCTION PROJECT,INT_CUT,2016-09-15,5.0,356 days 00:00:00.000000000,INT_CUT to INT_CUT,356
(PALS)COW CAMP FUELS REDUCTION PROJECT,EA-RH-FH,2010-09-03,13.0,0 days 00:00:00.000000000,EA-RH-FH initial,0
(PALS)COW CAMP FUELS REDUCTION PROJECT,INT_CUT,2010-09-03,62.0,0 days 00:00:00.000000000,INT_CUT and EA-RH-FH same day,0
(PALS)COW CAMP FUELS REDUCTION PROJECT,EA-RH-FH,2011-08-10,4.0,341 days 00:00:00.000000000,INT_CUT to EA-RH-FH,341
(PALS)COW CAMP FUELS REDUCTION PROJECT,EA-RH-FH,2011-08-12,8.0,2 days 00:00:00.000000000,EA-RH-FH to EA-RH-FH,2
(PALS)COW CAMP FUELS REDUCTION PROJECT,EA-RH-FH,2011-08-15,6.0,3 days 00:00:00.000000000,EA-RH-FH to EA-RH-FH,3
(PALS)COW CAMP FUELS REDUCTION PROJECT,EA-RH-FH,2011-08-22,15.0,7 days 00:00:00.000000000,EA-RH-FH to EA-RH-FH,7
(PALS)COW CAMP FUELS REDUCTION PROJECT,EA-RH-FH,2011-08-29,7.0,7 days 00:00:00.000000000,EA-RH-FH to EA-RH-FH,7
(PALS)COW CAMP FUELS REDUCTION PROJECT,UA-RH-FH,2011-09-12,22.0,14 days 00:00:00.000000000,EA-RH-FH to UA-RH-FH,14
(PALS)COW CAMP FUELS REDUCTION PROJECT,INT_CUT,2011-09-16,45.0,4 days 00:00:00.000000000,UA-RH-FH to INT_CUT,4
(PALS)COW CAMP FUELS REDUCTION PROJECT,INT_CUT,2012-09-11,27.0,361 days 00:00:00.000000000,INT_CUT to INT_CUT,361
(PALS)COW CAMP FUELS REDUCTION PROJECT,INT_CUT,2012-09-12,22.0,1 days 00:00:00.000000000,INT_CUT to INT_CUT,1
(PALS)COW CAMP FUELS REDUCTION PROJECT,INT_CUT,2014-03-11,11.0,545 days 00:00:00.000000000,INT_CUT to INT_CUT,545
(PALS)SOLDIER CREEK WUI: HAZARD FUELS REDUCTION PROJECT,INT_CUT,2012-03-21,55.0,0 days 00:00:00.000000000,INT_CUT initial,0
(PALS)REDFISH 210 POST-INSECT OUTBREAK FUELS PROJECT DECISION MEMO,EA-RH-FH,2016-09-15,4.0,0 days 00:00:00.000000000,EA-RH-FH initial,0
(PALS)REDFISH 210 POST-INSECT OUTBREAK FUELS PROJECT DECISION MEMO,EA-RH-FH,2016-10-14,26.0,29 days 00:00:00.000000000,EA-RH-FH to EA-RH-FH,29
(PALS)REDFISH 210 POST-INSECT OUTBREAK FUELS PROJECT DECISION MEMO,EA-RH-FH,2017-08-15,36.0,305 days 00:00:00.000000000,EA-RH-FH to EA-RH-FH,305
(PALS)REDFISH 210 POST-INSECT OUTBREAK FUELS PROJECT DECISION MEMO,EA-RH-FH,2017-08-24,28.0,9 days 00:00:00.000000000,EA-RH-FH to EA-RH-FH,9
(PALS)REDFISH 210 POST-INSECT OUTBREAK FUELS PROJECT DECISION MEMO,EA-RH-FH,2017-09-01,34.0,8 days 00:00:00.000000000,EA-RH-FH to EA-RH-FH,8
(PALS)REDFISH 210 POST-INSECT OUTBREAK FUELS PROJECT DECISION MEMO,EA-RH-FH,2017-11-15,19.0,75 days 00:00:00.000000000,EA-RH-FH to EA-RH-FH,75
(PALS)REDFISH 210 POST-INSECT OUTBREAK FUELS PROJECT DECISION MEMO,EA-RH-FH,2018-11-15,19.0,365 days 00:00:00.000000000,EA-RH-FH to EA-RH-FH,365
(PALS)FINAL RECORD OF DECISION LOST CREEK BOULDER CREEK PROJECT,INT_CUT,2017-07-17,42.6,0 days 00:00:00.000000000,INT_CUT initial,0
(PALS)FINAL RECORD OF DECISION LOST CREEK BOULDER CREEK PROJECT,INT_CUT,2017-08-18,82.1,32 days 00:00:00.000000000,INT_CUT to INT_CUT,32
(PALS)FINAL RECORD OF DECISION LOST CREEK BOULDER CREEK PROJECT,INT_CUT,2017-09-11,118.69999999999999,24 days 00:00:00.000000000,INT_CUT to INT_CUT,24
(PALS)FINAL RECORD OF DECISION LOST CREEK BOULDER CREEK PROJECT,INT_CUT,2017-10-01,16.1,20 days 00:00:00.000000000,INT_CUT to INT_CUT,20
(PALS)FINAL RECORD OF DECISION LOST CREEK BOULDER CREEK PROJECT,INT_CUT,2017-10-31,235.5,30 days 00:00:00.000000000,INT_CUT to INT_CUT,30
(PALS)FINAL RECORD OF DECISION LOST CREEK BOULDER CREEK PROJECT,INT_CUT,2017-11-15,93.9,15 days 00:00:00.000000000,INT_CUT to INT_CUT,15
(PALS)FINAL RECORD OF DECISION LOST CREEK BOULDER CREEK PROJECT,INT_CUT,2017-12-08,9.5,23 days 00:00:00.000000000,INT_CUT to INT_CUT,23
(PALS)FINAL RECORD OF DECISION LOST CREEK BOULDER CREEK PROJECT,INT_CUT,2018-02-06,5.0,60 days 00:00:00.000000000,INT_CUT to INT_CUT,60
(PALS)FINAL RECORD OF DECISION LOST CREEK BOULDER CREEK PROJECT,INT_CUT,2018-02-26,57.0,20 days 00:00:00.000000000,INT_CUT to INT_CUT,20
(PALS)FINAL RECORD OF DECISION LOST CREEK BOULDER CREEK PROJECT,INT_CUT,2018-02-28,38.0,2 days 00:00:00.000000000,INT_CUT to INT_CUT,2
(PALS)FINAL RECORD OF DECISION LOST CREEK BOULDER CREEK PROJECT,EA-RH-FH,2018-05-31,10.0,92 days 00:00:00.000000000,INT_CUT to EA-RH-FH,92
(PALS)FINAL RECORD OF DECISION LOST CREEK BOULDER CREEK PROJECT,INT_CUT,2018-05-31,103.1,0 days 00:00:00.000000000,INT_CUT and EA-RH-FH same day,0
(PALS)FINAL RECORD OF DECISION LOST CREEK BOULDER CREEK PROJECT,EA-RH-FH,2018-06-15,3.0,15 days 00:00:00.000000000,INT_CUT to EA-RH-FH,15
(PALS)FINAL RECORD OF DECISION LOST CREEK BOULDER CREEK PROJECT,INT_CUT,2018-06-15,138.49999999999997,0 days 00:00:00.000000000,INT_CUT and EA-RH-FH same day,0
(PALS)FINAL RECORD OF DECISION LOST CREEK BOULDER CREEK PROJECT,INT_CUT,2018-07-13,254.40000000000003,28 days 00:00:00.000000000,INT_CUT to INT_CUT,28
(PALS)FINAL RECORD OF DECISION LOST CREEK BOULDER CREEK PROJECT,UA-RH-FH,2018-07-13,11.0,0 days 00:00:00.000000000,UA-RH-FH and INT_CUT same day,0
(PALS)FINAL RECORD OF DECISION LOST CREEK BOULDER CREEK PROJECT,EA-RH-FH,2018-07-13,48.0,0 days 00:00:00.000000000,EA-RH-FH and UA-RH-FH same day,0
(PALS)FINAL RECORD OF DECISION LOST CREEK BOULDER CREEK PROJECT,EA-RH-FH,2018-08-10,9.0,28 days 00:00:00.000000000,EA-RH-FH to EA-RH-FH,28
(PALS)FINAL RECORD OF DECISION LOST CREEK BOULDER CREEK PROJECT,INT_CUT,2018-08-10,6.3,0 days 00:00:00.000000000,INT_CUT and EA-RH-FH same day,0
(PALS)FINAL RECORD OF DECISION LOST CREEK BOULDER CREEK PROJECT,EA-NRH-FH,2019-10-01,14.0,417 days 00:00:00.000000000,INT_CUT to EA-NRH-FH,417
(PALS)FINAL RECORD OF DECISION LOST CREEK BOULDER CREEK PROJECT,INT_CUT,2019-11-18,52.0,48 days 00:00:00.000000000,EA-NRH-FH to INT_CUT,48
(PALS)FINAL RECORD OF DECISION LOST CREEK BOULDER CREEK PROJECT,INT_CUT,2020-06-03,8.0,198 days 00:00:00.000000000,INT_CUT to INT_CUT,198
(PALS)FINAL RECORD OF DECISION LOST CREEK BOULDER CREEK PROJECT,INT_CUT,2020-06-10,12.0,7 days 00:00:00.000000000,INT_CUT to INT_CUT,7
(PALS)FINAL RECORD OF DECISION LOST CREEK BOULDER CREEK PROJECT,INT_CUT,2020-07-08,40.0,28 days 00:00:00.000000000,INT_CUT to INT_CUT,28
(PALS)FINAL RECORD OF DECISION LOST CREEK BOULDER CREEK PROJECT,INT_CUT,2020-07-13,20.0,5 days 00:00:00.000000000,INT_CUT to INT_CUT,5
(PALS)FINAL RECORD OF DECISION LOST CREEK BOULDER CREEK PROJECT,INT_CUT,2020-07-16,18.0,3 days 00:00:00.000000000,INT_CUT to INT_CUT,3
(PALS)FINAL RECORD OF DECISION LOST CREEK BOULDER CREEK PROJECT,INT_CUT,2020-07-21,9.0,5 days 00:00:00.000000000,INT_CUT to INT_CUT,5
(PALS)FINAL RECORD OF DECISION LOST CREEK BOULDER CREEK PROJECT,INT_CUT,2020-07-24,7.0,3 days 00:00:00.000000000,INT_CUT to INT_CUT,3
(PALS)FINAL RECORD OF DECISION LOST CREEK BOULDER CREEK PROJECT,INT_CUT,2020-08-05,20.0,12 days 00:00:00.000000000,INT_CUT to INT_CUT,12
(PALS)FINAL RECORD OF DECISION LOST CREEK BOULDER CREEK PROJECT,EA-NRH-FH,2020-08-18,18.0,13 days 00:00:00.000000000,INT_CUT to EA-NRH-FH,13
(PALS)FINAL RECORD OF DECISION LOST CREEK BOULDER CREEK PROJECT,INT_CUT,2020-08-18,7.0,0 days 00:00:00.000000000,INT_CUT and EA-NRH-FH same day,0
(PALS)FINAL RECORD OF DECISION LOST CREEK BOULDER CREEK PROJECT,INT_CUT,2020-08-20,18.0,2 days 00:00:00.000000000,INT_CUT to INT_CUT,2
(PALS)EAST FORK LOST CREEK NORTHERN IDAHO GROUND SQUIRREL HABITAT IMPROVEMENT PR,INT_CUT,2011-12-01,57.0,0 days 00:00:00.000000000,INT_CUT initial,0
(PALS)EAST FORK LOST CREEK NORTHERN IDAHO GROUND SQUIRREL HABITAT IMPROVEMENT PR,INT_CUT,2012-01-13,31.0,43 days 00:00:00.000000000,INT_CUT to INT_CUT,43
(PALS)EAST FORK LOST CREEK NORTHERN IDAHO GROUND SQUIRREL HABITAT IMPROVEMENT PR,INT_CUT,2013-01-14,115.0,367 days 00:00:00.000000000,INT_CUT to INT_CUT,367
(PALS)EAST FORK LOST CREEK NORTHERN IDAHO GROUND SQUIRREL HABITAT IMPROVEMENT PR,INT_CUT,2013-01-15,87.0,1 days 00:00:00.000000000,INT_CUT to INT_CUT,1
(PALS)EAST FORK LOST CREEK NORTHERN IDAHO GROUND SQUIRREL HABITAT IMPROVEMENT PR,INT_CUT,2013-04-15,17.0,90 days 00:00:00.000000000,INT_CUT to INT_CUT,90
REDTREE FUELS REDUCTION,EA-RH-FH,2006-09-14,11.0,0 days 00:00:00.000000000,EA-RH-FH initial,0
REDTREE FUELS REDUCTION,EA-RH-FH,2007-09-24,5.0,375 days 00:00:00.000000000,EA-RH-FH to EA-RH-FH,375
REDTREE FUELS REDUCTION,INT_CUT,2007-10-15,91.0,21 days 00:00:00.000000000,EA-RH-FH to INT_CUT,21
REDTREE FUELS REDUCTION,EA-RH-FH,2007-11-30,11.0,46 days 00:00:00.000000000,INT_CUT to EA-RH-FH,46
REDTREE FUELS REDUCTION,INT_CUT,2007-11-30,46.0,0 days 00:00:00.000000000,INT_CUT and EA-RH-FH same day,0
REDTREE FUELS REDUCTION,INT_CUT,2008-01-22,67.0,53 days 00:00:00.000000000,INT_CUT to INT_CUT,53
REDTREE FUELS REDUCTION,INT_CUT,2008-11-30,34.0,313 days 00:00:00.000000000,INT_CUT to INT_CUT,313
REDTREE FUELS REDUCTION,INT_CUT,2009-09-09,166.0,283 days 00:00:00.000000000,INT_CUT to INT_CUT,283
(PALS)MILL CREEK-COUNCIL MOUNTAIN LANDSCAPE RESTORATION PROJECT ROD,INT_CUT,2013-11-05,36.0,0 days 00:00:00.000000000,INT_CUT initial,0
(PALS)MILL CREEK-COUNCIL MOUNTAIN LANDSCAPE RESTORATION PROJECT ROD,INT_CUT,2013-12-12,56.0,37 days 00:00:00.000000000,INT_CUT to INT_CUT,37
(PALS)MILL CREEK-COUNCIL MOUNTAIN LANDSCAPE RESTORATION PROJECT ROD,INT_CUT,2014-01-15,57.0,34 days 00:00:00.000000000,INT_CUT to INT_CUT,34
(PALS)MILL CREEK-COUNCIL MOUNTAIN LANDSCAPE RESTORATION PROJECT ROD,INT_CUT,2014-02-12,97.0,28 days 00:00:00.000000000,INT_CUT to INT_CUT,28
(PALS)MILL CREEK-COUNCIL MOUNTAIN LANDSCAPE RESTORATION PROJECT ROD,INT_CUT,2014-04-17,9.0,64 days 00:00:00.000000000,INT_CUT to INT_CUT,64
(PALS)MILL CREEK-COUNCIL MOUNTAIN LANDSCAPE RESTORATION PROJECT ROD,INT_CUT,2014-05-20,101.0,33 days 00:00:00.000000000,INT_CUT to INT_CUT,33
(PALS)MILL CREEK-COUNCIL MOUNTAIN LANDSCAPE RESTORATION PROJECT ROD,INT_CUT,2014-06-23,204.0,34 days 00:00:00.000000000,INT_CUT to INT_CUT,34
(PALS)MILL CREEK-COUNCIL MOUNTAIN LANDSCAPE RESTORATION PROJECT ROD,INT_CUT,2015-01-05,4.0,196 days 00:00:00.000000000,INT_CUT to INT_CUT,196
(PALS)MILL CREEK-COUNCIL MOUNTAIN LANDSCAPE RESTORATION PROJECT ROD,INT_CUT,2015-02-14,66.0,40 days 00:00:00.000000000,INT_CUT to INT_CUT,40
(PALS)MILL CREEK-COUNCIL MOUNTAIN LANDSCAPE RESTORATION PROJECT ROD,INT_CUT,2015-03-17,30.0,31 days 00:00:00.000000000,INT_CUT to INT_CUT,31
(PALS)MILL CREEK-COUNCIL MOUNTAIN LANDSCAPE RESTORATION PROJECT ROD,INT_CUT,2015-08-26,167.0,162 days 00:00:00.000000000,INT_CUT to INT_CUT,162
(PALS)MILL CREEK-COUNCIL MOUNTAIN LANDSCAPE RESTORATION PROJECT ROD,INT_CUT,2015-09-20,43.0,25 days 00:00:00.000000000,INT_CUT to INT_CUT,25
(PALS)MILL CREEK-COUNCIL MOUNTAIN LANDSCAPE RESTORATION PROJECT ROD,INT_CUT,2015-10-01,145.0,11 days 00:00:00.000000000,INT_CUT to INT_CUT,11
(PALS)MILL CREEK-COUNCIL MOUNTAIN LANDSCAPE RESTORATION PROJECT ROD,INT_CUT,2015-10-15,50.0,14 days 00:00:00.000000000,INT_CUT to INT_CUT,14
(PALS)MILL CREEK-COUNCIL MOUNTAIN LANDSCAPE RESTORATION PROJECT ROD,INT_CUT,2015-11-01,18.0,17 days 00:00:00.000000000,INT_CUT to INT_CUT,17
(PALS)MILL CREEK-COUNCIL MOUNTAIN LANDSCAPE RESTORATION PROJECT ROD,INT_CUT,2015-11-15,29.0,14 days 00:00:00.000000000,INT_CUT to INT_CUT,14
(PALS)MILL CREEK-COUNCIL MOUNTAIN LANDSCAPE RESTORATION PROJECT ROD,INT_CUT,2015-12-01,33.0,16 days 00:00:00.000000000,INT_CUT to INT_CUT,16
(PALS)MILL CREEK-COUNCIL MOUNTAIN LANDSCAPE RESTORATION PROJECT ROD,INT_CUT,2015-12-15,120.0,14 days 00:00:00.000000000,INT_CUT to INT_CUT,14
(PALS)MILL CREEK-COUNCIL MOUNTAIN LANDSCAPE RESTORATION PROJECT ROD,INT_CUT,2016-02-14,190.0,61 days 00:00:00.000000000,INT_CUT to INT_CUT,61
(PALS)MILL CREEK-COUNCIL MOUNTAIN LANDSCAPE RESTORATION PROJECT ROD,INT_CUT,2016-06-01,24.0,108 days 00:00:00.000000000,INT_CUT to INT_CUT,108
(PALS)MILL CREEK-COUNCIL MOUNTAIN LANDSCAPE RESTORATION PROJECT ROD,INT_CUT,2016-07-15,16.0,44 days 00:00:00.000000000,INT_CUT to INT_CUT,44
(PALS)MILL CREEK-COUNCIL MOUNTAIN LANDSCAPE RESTORATION PROJECT ROD,INT_CUT,2016-08-03,386.0,19 days 00:00:00.000000000,INT_CUT to INT_CUT,19
(PALS)MILL CREEK-COUNCIL MOUNTAIN LANDSCAPE RESTORATION PROJECT ROD,INT_CUT,2016-09-15,49.0,43 days 00:00:00.000000000,INT_CUT to INT_CUT,43
(PALS)MILL CREEK-COUNCIL MOUNTAIN LANDSCAPE RESTORATION PROJECT ROD,INT_CUT,2016-09-20,4.0,5 days 00:00:00.000000000,INT_CUT to INT_CUT,5
(PALS)MILL CREEK-COUNCIL MOUNTAIN LANDSCAPE RESTORATION PROJECT ROD,INT_CUT,2016-10-14,6.0,24 days 00:00:00.000000000,INT_CUT to INT_CUT,24
(PALS)MILL CREEK-COUNCIL MOUNTAIN LANDSCAPE RESTORATION PROJECT ROD,INT_CUT,2016-10-15,316.0,1 days 00:00:00.000000000,INT_CUT to INT_CUT,1
(PALS)MILL CREEK-COUNCIL MOUNTAIN LANDSCAPE RESTORATION PROJECT ROD,INT_CUT,2016-11-05,119.0,21 days 00:00:00.000000000,INT_CUT to INT_CUT,21
(PALS)MILL CREEK-COUNCIL MOUNTAIN LANDSCAPE RESTORATION PROJECT ROD,INT_CUT,2016-12-01,8.0,26 days 00:00:00.000000000,INT_CUT to INT_CUT,26
(PALS)MILL CREEK-COUNCIL MOUNTAIN LANDSCAPE RESTORATION PROJECT ROD,INT_CUT,2017-06-12,37.0,193 days 00:00:00.000000000,INT_CUT to INT_CUT,193
(PALS)MILL CREEK-COUNCIL MOUNTAIN LANDSCAPE RESTORATION PROJECT ROD,INT_CUT,2017-06-23,87.0,11 days 00:00:00.000000000,INT_CUT to INT_CUT,11
(PALS)MILL CREEK-COUNCIL MOUNTAIN LANDSCAPE RESTORATION PROJECT ROD,INT_CUT,2018-07-11,4.0,383 days 00:00:00.000000000,INT_CUT to INT_CUT,383
(PALS)MILL CREEK-COUNCIL MOUNTAIN LANDSCAPE RESTORATION PROJECT ROD,INT_CUT,2018-07-16,56.0,5 days 00:00:00.000000000,INT_CUT to INT_CUT,5
(PALS)MILL CREEK-COUNCIL MOUNTAIN LANDSCAPE RESTORATION PROJECT ROD,INT_CUT,2018-08-12,12.0,27 days 00:00:00.000000000,INT_CUT to INT_CUT,27
(PALS)MILL CREEK-COUNCIL MOUNTAIN LANDSCAPE RESTORATION PROJECT ROD,INT_CUT,2018-08-13,36.0,1 days 00:00:00.000000000,INT_CUT to INT_CUT,1
(PALS)MILL CREEK-COUNCIL MOUNTAIN LANDSCAPE RESTORATION PROJECT ROD,INT_CUT,2018-08-15,26.0,2 days 00:00:00.000000000,INT_CUT to INT_CUT,2
(PALS)MILL CREEK-COUNCIL MOUNTAIN LANDSCAPE RESTORATION PROJECT ROD,INT_CUT,2018-09-10,29.0,26 days 00:00:00.000000000,INT_CUT to INT_CUT,26
(PALS)MILL CREEK-COUNCIL MOUNTAIN LANDSCAPE RESTORATION PROJECT ROD,INT_CUT,2018-09-12,10.0,2 days 00:00:00.000000000,INT_CUT to INT_CUT,2
(PALS)MILL CREEK-COUNCIL MOUNTAIN LANDSCAPE RESTORATION PROJECT ROD,INT_CUT,2018-09-17,30.0,5 days 00:00:00.000000000,INT_CUT to INT_CUT,5
(PALS)MILL CREEK-COUNCIL MOUNTAIN LANDSCAPE RESTORATION PROJECT ROD,INT_CUT,2018-09-19,24.0,2 days 00:00:00.000000000,INT_CUT to INT_CUT,2
(PALS)MILL CREEK-COUNCIL MOUNTAIN LANDSCAPE RESTORATION PROJECT ROD,INT_CUT,2018-09-24,32.0,5 days 00:00:00.000000000,INT_CUT to INT_CUT,5
(PALS)MILL CREEK-COUNCIL MOUNTAIN LANDSCAPE RESTORATION PROJECT ROD,INT_CUT,2018-10-01,16.0,7 days 00:00:00.000000000,INT_CUT to INT_CUT,7
(PALS)MILL CREEK-COUNCIL MOUNTAIN LANDSCAPE RESTORATION PROJECT ROD,INT_CUT,2018-10-10,52.0,9 days 00:00:00.000000000,INT_CUT to INT_CUT,9
(PALS)MILL CREEK-COUNCIL MOUNTAIN LANDSCAPE RESTORATION PROJECT ROD,INT_CUT,2018-10-15,300.0,5 days 00:00:00.000000000,INT_CUT to INT_CUT,5
(PALS)MILL CREEK-COUNCIL MOUNTAIN LANDSCAPE RESTORATION PROJECT ROD,INT_CUT,2018-11-01,76.0,17 days 00:00:00.000000000,INT_CUT to INT_CUT,17
(PALS)MILL CREEK-COUNCIL MOUNTAIN LANDSCAPE RESTORATION PROJECT ROD,INT_CUT,2018-11-10,79.0,9 days 00:00:00.000000000,INT_CUT to INT_CUT,9
(PALS)MILL CREEK-COUNCIL MOUNTAIN LANDSCAPE RESTORATION PROJECT ROD,INT_CUT,2018-11-15,16.0,5 days 00:00:00.000000000,INT_CUT to INT_CUT,5
(PALS)MILL CREEK-COUNCIL MOUNTAIN LANDSCAPE RESTORATION PROJECT ROD,INT_CUT,2018-11-19,14.0,4 days 00:00:00.000000000,INT_CUT to INT_CUT,4
(PALS)MILL CREEK-COUNCIL MOUNTAIN LANDSCAPE RESTORATION PROJECT ROD,INT_CUT,2018-12-10,5.0,21 days 00:00:00.000000000,INT_CUT to INT_CUT,21
(PALS)MILL CREEK-COUNCIL MOUNTAIN LANDSCAPE RESTORATION PROJECT ROD,INT_CUT,2018-12-15,76.0,5 days 00:00:00.000000000,INT_CUT to INT_CUT,5
(PALS)MILL CREEK-COUNCIL MOUNTAIN LANDSCAPE RESTORATION PROJECT ROD,INT_CUT,2018-12-18,2.0,3 days 00:00:00.000000000,INT_CUT to INT_CUT,3
(PALS)WARM SPRINGS FUELS REDUCTION PROJECT DN/FONSI,INT_CUT,2010-11-30,42.0,0 days 00:00:00.000000000,INT_CUT initial,0
(PALS)WARM SPRINGS FUELS REDUCTION PROJECT DN/FONSI,UA-RH-FH,2010-11-30,31.0,0 days 00:00:00.000000000,UA-RH-FH and INT_CUT same day,0
(PALS)WARM SPRINGS FUELS REDUCTION PROJECT DN/FONSI,INT_CUT,2010-12-10,152.0,10 days 00:00:00.000000000,UA-RH-FH to INT_CUT,10
(PALS)WARM SPRINGS FUELS REDUCTION PROJECT DN/FONSI,UA-RH-FH,2010-12-10,10.0,0 days 00:00:00.000000000,UA-RH-FH and INT_CUT same day,0
(PALS)WARM SPRINGS FUELS REDUCTION PROJECT DN/FONSI,INT_CUT,2010-12-17,89.0,7 days 00:00:00.000000000,UA-RH-FH to INT_CUT,7
(PALS)WARM SPRINGS FUELS REDUCTION PROJECT DN/FONSI,UA-RH-FH,2010-12-17,40.0,0 days 00:00:00.000000000,UA-RH-FH and INT_CUT same day,0
(PALS)WARM SPRINGS FUELS REDUCTION PROJECT DN/FONSI,INT_CUT,2011-08-01,22.0,227 days 00:00:00.000000000,UA-RH-FH to INT_CUT,227
(PALS)WARM SPRINGS FUELS REDUCTION PROJECT DN/FONSI,UA-RH-FH,2011-08-31,28.0,30 days 00:00:00.000000000,INT_CUT to UA-RH-FH,30
(PALS)LITTLE SKI HILL RUN EXPANSION PROJECT,HARV_NOSTOCK,2014-12-09,5.0,0 days 00:00:00.000000000,HARV_NOSTOCK initial,0
(PALS)UPPER SOUTH FORK BOISE RIVER VEGETATION MANAGEMENT PROJECT,INT_CUT,2012-09-05,33.0,0 days 00:00:00.000000000,INT_CUT initial,0
(PALS)UPPER SOUTH FORK BOISE RIVER VEGETATION MANAGEMENT PROJECT,INT_CUT,2012-09-06,11.0,1 days 00:00:00.000000000,INT_CUT to INT_CUT,1
(PALS)UPPER SOUTH FORK BOISE RIVER VEGETATION MANAGEMENT PROJECT,INT_CUT,2012-09-10,6.0,4 days 00:00:00.000000000,INT_CUT to INT_CUT,4
(PALS)UPPER SOUTH FORK BOISE RIVER VEGETATION MANAGEMENT PROJECT,INT_CUT,2012-09-11,3.0,1 days 00:00:00.000000000,INT_CUT to INT_CUT,1
(PALS)UPPER SOUTH FORK BOISE RIVER VEGETATION MANAGEMENT PROJECT,INT_CUT,2012-09-12,4.0,1 days 00:00:00.000000000,INT_CUT to INT_CUT,1
(PALS)UPPER SOUTH FORK BOISE RIVER VEGETATION MANAGEMENT PROJECT,INT_CUT,2012-09-14,5.0,2 days 00:00:00.000000000,INT_CUT to INT_CUT,2
(PALS)UPPER SOUTH FORK BOISE RIVER VEGETATION MANAGEMENT PROJECT,INT_CUT,2012-09-17,17.0,3 days 00:00:00.000000000,INT_CUT to INT_CUT,3
(PALS)UPPER SOUTH FORK BOISE RIVER VEGETATION MANAGEMENT PROJECT,INT_CUT,2012-09-18,4.0,1 days 00:00:00.000000000,INT_CUT to INT_CUT,1
(PALS)CROOKED RIVER VEGETATION MANGEMENT PROJECT,INT_CUT,2011-01-05,227.79999999999998,0 days 00:00:00.000000000,INT_CUT initial,0
(PALS)CROOKED RIVER VEGETATION MANGEMENT PROJECT,INT_CUT,2011-02-14,271.3,40 days 00:00:00.000000000,INT_CUT to INT_CUT,40
(PALS)CROOKED RIVER VEGETATION MANGEMENT PROJECT,INT_CUT,2011-06-23,46.4,129 days 00:00:00.000000000,INT_CUT to INT_CUT,129
(PALS)CROOKED RIVER VEGETATION MANGEMENT PROJECT,INT_CUT,2012-01-05,422.4,196 days 00:00:00.000000000,INT_CUT to INT_CUT,196
(PALS)CROOKED RIVER VEGETATION MANGEMENT PROJECT,INT_CUT,2012-02-14,102.6,40 days 00:00:00.000000000,INT_CUT to INT_CUT,40
(PALS)CROOKED RIVER VEGETATION MANGEMENT PROJECT,INT_CUT,2012-03-15,100.4,30 days 00:00:00.000000000,INT_CUT to INT_CUT,30
(PALS)CROOKED RIVER VEGETATION MANGEMENT PROJECT,INT_CUT,2012-10-15,84.2,214 days 00:00:00.000000000,INT_CUT to INT_CUT,214
(PALS)BIG SMOKY SUMMER HOMES: HAZARD FUELS REDUCTION PROJECT,INT_CUT,2009-04-22,10.0,0 days 00:00:00.000000000,INT_CUT initial,0
(PALS)STANLEY LAKE RECREATION COMPLEX RECONSTRUCTION PROJECT,INT_CUT,2015-07-31,25.0,0 days 00:00:00.000000000,INT_CUT initial,0
WESTSIDE VEGETATION MANAGEMENT PROJECT,INT_CUT,2005-11-22,60.0,0 days 00:00:00.000000000,INT_CUT initial,0
WESTSIDE VEGETATION MANAGEMENT PROJECT,INT_CUT,2011-07-25,346.0,2071 days 00:00:00.000000000,INT_CUT to INT_CUT,2071
(PALS)DEER CREEK WATERSHED PROJECT,UA-RH-FH,2018-08-31,5.0,0 days 00:00:00.000000000,UA-RH-FH initial,0
(PALS)GREEN HORNET HAZARDOUS FUELS REDUCTION PROJECT,INT_CUT,2008-01-15,123.1,0 days 00:00:00.000000000,INT_CUT initial,0
(PALS)GREEN HORNET HAZARDOUS FUELS REDUCTION PROJECT,INT_CUT,2008-01-20,32.5,5 days 00:00:00.000000000,INT_CUT to INT_CUT,5
(PALS)GREEN HORNET HAZARDOUS FUELS REDUCTION PROJECT,INT_CUT,2008-02-15,11.6,26 days 00:00:00.000000000,INT_CUT to INT_CUT,26
(PALS)GREEN HORNET HAZARDOUS FUELS REDUCTION PROJECT,INT_CUT,2010-10-15,35.0,973 days 00:00:00.000000000,INT_CUT to INT_CUT,973
(PALS)GREEN HORNET HAZARDOUS FUELS REDUCTION PROJECT,INT_CUT,2011-02-14,193.0,122 days 00:00:00.000000000,INT_CUT to INT_CUT,122
(PALS)POLE CREEK ROAD REROUTE,EA-RH-FH,2015-01-16,4.0,0 days 00:00:00.000000000,EA-RH-FH initial,0
(PALS)PREVENTION AND SUPPRESSION TREATMENTS FOR MOUNTAIN PINE BEETLE AT DEVELOPE,INT_CUT,2011-05-31,5.0,0 days 00:00:00.000000000,INT_CUT initial,0
(PALS)WARM SPRINGS FUELS REDUCTION PROJECT,INT_CUT,2008-05-22,28.0,0 days 00:00:00.000000000,INT_CUT initial,0
(PALS)WARM SPRINGS FUELS REDUCTION PROJECT,UA-RH-FH,2010-12-17,20.0,939 days 00:00:00.000000000,INT_CUT to UA-RH-FH,939
(PALS)CUSTER COUNTY TRANSFER STATION SPECIAL USE PERMIT (CONTINUED-SEE COMMENTS,INT_CUT,2016-11-18,25.0,0 days 00:00:00.000000000,INT_CUT initial,0
(PALS)COMBINED COW CAMP AND JOB CREEK FUEL REDUCTION PROJECT,INT_CUT,2014-09-18,29.0,0 days 00:00:00.000000000,INT_CUT initial,0
(PALS)COMBINED COW CAMP AND JOB CREEK FUEL REDUCTION PROJECT,EA-RH-FH,2015-12-18,11.0,456 days 00:00:00.000000000,INT_CUT to EA-RH-FH,456
(PALS)BRUNDAGE WILDLAND-URBAN INTERFACE - BEAR BASIN RESTORATION PROJECT DN/FONS,INT_CUT,2017-09-11,130.0,0 days 00:00:00.000000000,INT_CUT initial,0
(PALS)BRUNDAGE WILDLAND-URBAN INTERFACE - BEAR BASIN RESTORATION PROJECT DN/FONS,INT_CUT,2017-10-15,6.0,34 days 00:00:00.000000000,INT_CUT to INT_CUT,34
(PALS)BRUNDAGE WILDLAND-URBAN INTERFACE - BEAR BASIN RESTORATION PROJECT DN/FONS,EA-RH-FH,2017-11-15,6.0,31 days 00:00:00.000000000,INT_CUT to EA-RH-FH,31
(PALS)BRUNDAGE WILDLAND-URBAN INTERFACE - BEAR BASIN RESTORATION PROJECT DN/FONS,INT_CUT,2017-11-15,202.0,0 days 00:00:00.000000000,INT_CUT and EA-RH-FH same day,0
(PALS)BRUNDAGE WILDLAND-URBAN INTERFACE - BEAR BASIN RESTORATION PROJECT DN/FONS,INT_CUT,2017-11-17,25.0,2 days 00:00:00.000000000,INT_CUT to INT_CUT,2
(PALS)BRUNDAGE WILDLAND-URBAN INTERFACE - BEAR BASIN RESTORATION PROJECT DN/FONS,INT_CUT,2018-07-11,23.0,236 days 00:00:00.000000000,INT_CUT to INT_CUT,236
(PALS)BRUNDAGE WILDLAND-URBAN INTERFACE - BEAR BASIN RESTORATION PROJECT DN/FONS,INT_CUT,2018-07-15,67.0,4 days 00:00:00.000000000,INT_CUT to INT_CUT,4
(PALS)BRUNDAGE WILDLAND-URBAN INTERFACE - BEAR BASIN RESTORATION PROJECT DN/FONS,INT_CUT,2018-08-15,40.0,31 days 00:00:00.000000000,INT_CUT to INT_CUT,31
(PALS)GRAYS CREEK FIRE SALVAGE PROJECT,EA-RH-FH,2008-09-09,41.0,0 days 00:00:00.000000000,EA-RH-FH initial,0
(PALS)NIDGS HABITAT RESTORATION TREATMENTS STUDY BY UNIVERSITY OF IDAHO,INT_CUT,2017-11-15,31.0,0 days 00:00:00.000000000,INT_CUT initial,0
(PALS)JOB CREEK FUELS REDUCTION PROJECT,INT_CUT,2014-09-18,56.0,0 days 00:00:00.000000000,INT_CUT initial,0
(PALS)KELLEY SALVAGE,INT_CUT,2014-11-17,30.0,0 days 00:00:00.000000000,INT_CUT initial,0
(PALS)MESA FIRE SALVAGE AND REFORESTATION PROJECT DECISION MEMO,EA-RH-FH,2019-02-15,76.0,0 days 00:00:00.000000000,EA-RH-FH initial,0
(PALS)MESA FIRE SALVAGE AND REFORESTATION PROJECT DECISION MEMO,EA-RH-FH,2019-06-10,30.0,115 days 00:00:00.000000000,EA-RH-FH to EA-RH-FH,115
(PALS)MESA FIRE SALVAGE AND REFORESTATION PROJECT DECISION MEMO,EA-NRH-FH,2019-06-15,8.0,5 days 00:00:00.000000000,EA-RH-FH to EA-NRH-FH,5
(PALS)MESA FIRE SALVAGE AND REFORESTATION PROJECT DECISION MEMO,EA-RH-FH,2019-06-15,22.0,0 days 00:00:00.000000000,EA-RH-FH and EA-NRH-FH same day,0
(PALS)MESA FIRE SALVAGE AND REFORESTATION PROJECT DECISION MEMO,EA-RH-FH,2019-06-19,1.0,4 days 00:00:00.000000000,EA-RH-FH to EA-RH-FH,4
(PALS)MESA FIRE SALVAGE AND REFORESTATION PROJECT DECISION MEMO,EA-NRH-FH,2019-06-20,2.0,1 days 00:00:00.000000000,EA-RH-FH to EA-NRH-FH,1
(PALS)MESA FIRE SALVAGE AND REFORESTATION PROJECT DECISION MEMO,EA-RH-FH,2019-06-20,1.0,0 days 00:00:00.000000000,EA-RH-FH and EA-NRH-FH same day,0
(PALS)MESA FIRE SALVAGE AND REFORESTATION PROJECT DECISION MEMO,EA-NRH-FH,2019-07-15,98.0,25 days 00:00:00.000000000,EA-RH-FH to EA-NRH-FH,25
(PALS)MESA FIRE SALVAGE AND REFORESTATION PROJECT DECISION MEMO,EA-RH-FH,2019-07-15,7.0,0 days 00:00:00.000000000,EA-RH-FH and EA-NRH-FH same day,0
HAYNES POST AND POLE TIMBER SALE,EA-RH-NFH,2005-08-01,16.0,0 days 00:00:00.000000000,EA-RH-NFH initial,0
(PALS)LITTLE RED GOOSE FOREST RESILIENCE PROJECT DECISION MEMO,EA-RH-FH,2020-01-21,1.0,0 days 00:00:00.000000000,EA-RH-FH initial,0
(PALS)LITTLE RED GOOSE FOREST RESILIENCE PROJECT DECISION MEMO,EA-NRH-FH,2020-09-09,156.89999999999998,232 days 00:00:00.000000000,EA-RH-FH to EA-NRH-FH,232
(PALS)LITTLE RED GOOSE FOREST RESILIENCE PROJECT DECISION MEMO,EA-RH-FH,2020-09-09,30.0,0 days 00:00:00.000000000,EA-RH-FH and EA-NRH-FH same day,0
(PALS)LITTLE RED GOOSE FOREST RESILIENCE PROJECT DECISION MEMO,INT_CUT,2020-09-09,70.4,0 days 00:00:00.000000000,INT_CUT and EA-RH-FH same day,0
WITHINGTON SALVAGE,INT_CUT,2005-08-01,433.0,0 days 00:00:00.000000000,INT_CUT initial,0
(PALS)SMITH BATES RIDGE TIMBER SALE,EA-NRH-FH,2006-09-14,38.0,0 days 00:00:00.000000000,EA-NRH-FH initial,0
(PALS)HALSTEAD FIRE SALVAGE PROJECT,INT_CUT,2019-07-01,24.0,0 days 00:00:00.000000000,INT_CUT initial,0
(PALS)HALSTEAD FIRE SALVAGE PROJECT,INT_CUT,2019-09-25,19.0,86 days 00:00:00.000000000,INT_CUT to INT_CUT,86
(PALS)IDAHO POWER SOUTH FORK POWERLINE RELOCATION SPECIAL USE PERMIT AMENDMENT,LAND_CLEAR,2016-11-16,8.0,0 days 00:00:00.000000000,LAND_CLEAR initial,0
(PALS)AVELENE SALVAGE PROJECT,INT_CUT,2015-10-23,58.0,0 days 00:00:00.000000000,INT_CUT initial,0
(PALS)DN/FONSI NORTHEAST STANLEY INTERFACE FUELS REDUCTION PROJECT,INT_CUT,2010-11-07,14.0,0 days 00:00:00.000000000,INT_CUT initial,0
(PALS)DN/FONSI NORTHEAST STANLEY INTERFACE FUELS REDUCTION PROJECT,INT_CUT,2011-11-01,72.0,359 days 00:00:00.000000000,INT_CUT to INT_CUT,359
(PALS)PICO SALVAGE PROJECT,INT_CUT,2011-10-18,6.4,0 days 00:00:00.000000000,INT_CUT initial,0
(PALS)PICO SALVAGE PROJECT,INT_CUT,2012-09-30,20.6,348 days 00:00:00.000000000,INT_CUT to INT_CUT,348
(PALS)TEPEE SPRINGS SALVAGE,EA-RH-FH,2016-07-29,50.099999999999994,0 days 00:00:00.000000000,EA-RH-FH initial,0
(PALS)KRASSEL ADMINISTRATIVE HAZARD TREE,INT_CUT,2013-07-11,5.0,0 days 00:00:00.000000000,INT_CUT initial,0
